"RK",TIERS,"PLAYER NAME",TEAM,"POS","BYE WEEK","AGE","SOS SEASON","ECR VS. ADP"
"1",1,"Justin Jefferson",MIN,"WR1","13","24","3 out of 5 stars","0"
"2",1,"Christian McCaffrey",SF,"RB1","9","27","2 out of 5 stars","+4"
"3",1,"Ja'Marr Chase",CIN,"WR2","7","23","3 out of 5 stars","-1"
"4",1,"Bijan Robinson",ATL,"RB2","11","21","3 out of 5 stars","-1"
"5",1,"Jahmyr Gibbs",DET,"RB3","9","21","4 out of 5 stars","+11"
"6",1,"Breece Hall",NYJ,"RB4","7","22","5 out of 5 stars","+3"
"7",2,"Jonathan Taylor",IND,"RB5","11","24","3 out of 5 stars","-2"
"8",2,"A.J. Brown",PHI,"WR3","10","26","4 out of 5 stars","-1"
"9",2,"Travis Etienne Jr.",JAC,"RB6","9","24","3 out of 5 stars","+21"
"10",2,"Saquon Barkley",NYG,"RB7","13","26","4 out of 5 stars","+1"
"11",2,"Amon-Ra St. Brown",DET,"WR4","9","24","3 out of 5 stars","+2"
"12",2,"CeeDee Lamb",DAL,"WR5","7","24","4 out of 5 stars","-8"
"13",3,"De'Von Achane",MIA,"RB8","10","22","4 out of 5 stars","+70"
"14",3,"Tyreek Hill",MIA,"WR6","10","29","3 out of 5 stars","+1"
"15",3,"Garrett Wilson",NYJ,"WR7","7","23","4 out of 5 stars","+4"
"16",3,"Kenneth Walker III",SEA,"RB9","5","23","2 out of 5 stars","+6"
"17",3,"Chris Olave",NO,"WR8","11","23","4 out of 5 stars","+7"
"18",3,"Stefon Diggs",BUF,"WR9","13","30","2 out of 5 stars","-6"
"19",3,"T.J. Hockenson",MIN,"TE1","13","26","3 out of 5 stars","+33"
"20",4,"D'Andre Swift",PHI,"RB10","10","24","3 out of 5 stars","+21"
"21",4,"Patrick Mahomes II",KC,"QB1","10","28","5 out of 5 stars","-13"
"22",4,"Austin Ekeler",LAC,"RB11","5","28","5 out of 5 stars","-5"
"23",4,"Jaylen Waddle",MIA,"WR10","10","25","3 out of 5 stars","-13"
"24",4,"Josh Jacobs",LV,"RB12","13","25","3 out of 5 stars","+5"
"25",4,"Tee Higgins",CIN,"WR11","7","24","3 out of 5 stars","-5"
"26",4,"Drake London",ATL,"WR12","11","22","4 out of 5 stars","+8"
"27",4,"Cooper Kupp",LAR,"WR13","10","30","3 out of 5 stars","-9"
"28",4,"DK Metcalf",SEA,"WR14","5","25","2 out of 5 stars","-1"
"29",5,"Jordan Addison",MIN,"WR15","13","21","3 out of 5 stars","+16"
"30",5,"DeVonta Smith",PHI,"WR16","10","25","4 out of 5 stars","+3"
"31",5,"Jaxon Smith-Njigba",SEA,"WR17","5","21","2 out of 5 stars","-5"
"32",5,"Zay Flowers",BAL,"WR18","13","23","2 out of 5 stars","+23"
"33",5,"Tony Pollard",DAL,"RB13","7","26","3 out of 5 stars","+6"
"34",5,"Rachaad White",TB,"RB14","5","24","2 out of 5 stars","+23"
"35",5,"Puka Nacua",LAR,"WR19","10","22","3 out of 5 stars","+188"
"36",5,"Travis Kelce",KC,"TE2","10","34","4 out of 5 stars","-11"
"37",5,"Rhamondre Stevenson",NE,"RB15","11","25","5 out of 5 stars","+12"
"38",5,"Javonte Williams",DEN,"RB16","9","23","3 out of 5 stars","+2"
"39",5,"George Pickens",PIT,"WR20","6","22","1 out of 5 stars","+29"
"40",5,"Sam LaPorta",DET,"TE3","9","22","3 out of 5 stars","+77"
"41",5,"Davante Adams",LV,"WR21","13","30","4 out of 5 stars","-13"
"42",5,"Joe Mixon",CIN,"RB17","7","27","2 out of 5 stars","+11"
"43",5,"Mark Andrews",BAL,"TE4","13","28","3 out of 5 stars","-11"
"44",6,"DJ Moore",CHI,"WR22","13","26","4 out of 5 stars","+10"
"45",6,"Calvin Ridley",JAC,"WR23","9","28","3 out of 5 stars","+34"
"46",6,"Jalen Hurts",PHI,"QB2","10","25","2 out of 5 stars","-25"
"47",6,"Kyle Pitts",ATL,"TE5","11","23","3 out of 5 stars","-10"
"48",6,"Brandon Aiyuk",SF,"WR24","9","25","3 out of 5 stars","+14"
"49",6,"Josh Allen",BUF,"QB3","13","27","3 out of 5 stars","-35"
"50",6,"Najee Harris",PIT,"RB18","6","25","4 out of 5 stars","-27"
"51",6,"Chris Godwin",TB,"WR25","5","27","4 out of 5 stars","-3"
"52",6,"Deebo Samuel",SF,"WR26","9","27","3 out of 5 stars","-16"
"53",6,"Michael Pittman Jr.",IND,"WR27","11","26","2 out of 5 stars","-9"
"54",6,"Isiah Pacheco",KC,"RB19","10","24","4 out of 5 stars","+30"
"55",6,"Justin Herbert",LAC,"QB4","5","25","3 out of 5 stars","-13"
"56",6,"Alvin Kamara",NO,"RB20","11","28","3 out of 5 stars","+17"
"57",6,"Joe Burrow",CIN,"QB5","7","26","1 out of 5 stars","-26"
"58",6,"Terry McLaurin",WAS,"WR28","14","28","3 out of 5 stars","-2"
"59",6,"David Montgomery",DET,"RB21","9","26","4 out of 5 stars","+32"
"60",6,"Aaron Jones",GB,"RB22","6","29","2 out of 5 stars","+7"
"61",6,"Zach Charbonnet",SEA,"RB23","5","22","2 out of 5 stars","+17"
"62",7,"Derrick Henry",TEN,"RB24","7","29","3 out of 5 stars","-24"
"63",7,"Christian Watson",GB,"WR29","6","24","4 out of 5 stars","-12"
"64",7,"Diontae Johnson",PIT,"WR30","6","27","1 out of 5 stars","+13"
"65",7,"Lamar Jackson",BAL,"QB6","13","26","3 out of 5 stars","-22"
"66",7,"Dameon Pierce",HOU,"RB25","7","23","3 out of 5 stars","0"
"67",7,"Dalton Kincaid",BUF,"TE6","13","24","3 out of 5 stars","+13"
"68",7,"Trevor Lawrence",JAC,"QB7","9","24","2 out of 5 stars","-7"
"69",7,"Josh Downs",IND,"WR31","11","22","2 out of 5 stars","+34"
"70",7,"Nick Chubb",CLE,"RB26","5","27","2 out of 5 stars","-35"
"71",7,"Jahan Dotson",WAS,"WR32","14","23","3 out of 5 stars","+15"
"72",7,"Dallas Goedert",PHI,"TE7","10","28","4 out of 5 stars","-1"
"73",7,"Marquise Brown",ARI,"WR33","14","26","1 out of 5 stars","+1"
"74",7,"James Cook",BUF,"RB27","13","24","3 out of 5 stars","-2"
"75",7,"Tank Dell",HOU,"WR34","7","24","3 out of 5 stars","+91"
"76",7,"Khalil Herbert",CHI,"RB28","13","25","3 out of 5 stars","+45"
"77",7,"Nico Collins",HOU,"WR35","7","24","3 out of 5 stars","+107"
"78",7,"Christian Kirk",JAC,"WR36","9","27","3 out of 5 stars","+4"
"79",7,"George Kittle",SF,"TE8","9","30","3 out of 5 stars","-32"
"80",7,"Brian Robinson Jr.",WAS,"RB29","14","24","3 out of 5 stars","+14"
"81",7,"Miles Sanders",CAR,"RB30","7","26","2 out of 5 stars","-18"
"82",7,"Justin Fields",CHI,"QB8","13","24","4 out of 5 stars","-24"
"83",8,"Amari Cooper",CLE,"WR37","5","29","2 out of 5 stars","-8"
"84",8,"Mike Evans",TB,"WR38","5","30","4 out of 5 stars","-20"
"85",8,"Keenan Allen",LAC,"WR39","5","31","3 out of 5 stars","-15"
"86",8,"Jerry Jeudy",DEN,"WR40","9","24","3 out of 5 stars","-26"
"87",8,"Kendre Miller",NO,"RB31","11","21","3 out of 5 stars","-2"
"88",8,"C.J. Stroud",HOU,"QB9","7","22","2 out of 5 stars","+106"
"89",8,"Alexander Mattison",MIN,"RB32","13","25","3 out of 5 stars","+37"
"90",8,"Roschon Johnson",CHI,"RB33","13","22","3 out of 5 stars","+21"
"91",8,"Tua Tagovailoa",MIA,"QB10","10","25","2 out of 5 stars","+21"
"92",8,"Evan Engram",JAC,"TE9","9","29","2 out of 5 stars","+24"
"93",8,"AJ Dillon",GB,"RB34","6","25","2 out of 5 stars","0"
"94",8,"Treylon Burks",TEN,"WR41","7","23","3 out of 5 stars","-29"
"95",8,"Rashee Rice",KC,"WR42","10","23","3 out of 5 stars","+4"
"96",8,"Anthony Richardson",IND,"QB11","11","21","2 out of 5 stars","-9"
"97",8,"Kyler Murray",ARI,"QB12","14","26","2 out of 5 stars","-8"
"98",8,"DeAndre Hopkins",TEN,"WR43","7","31","3 out of 5 stars","-17"
"99",8,"Dak Prescott",DAL,"QB13","7","30","5 out of 5 stars","-4"
"100",8,"Tank Bigsby",JAC,"RB35","9","22","3 out of 5 stars","+19"
"101",8,"Jameson Williams",DET,"WR44","9","22","3 out of 5 stars","-32"
"102",8,"Gabe Davis",BUF,"WR45","13","24","2 out of 5 stars","+11"
"103",9,"Cole Kmet",CHI,"TE10","13","24","3 out of 5 stars","+22"
"104",9,"James Conner",ARI,"RB36","14","28","2 out of 5 stars","-4"
"105",9,"Trey McBride",ARI,"TE11","14","24","3 out of 5 stars","+54"
"106",9,"Quentin Johnston",LAC,"WR46","5","22","3 out of 5 stars","-60"
"107",9,"Tyler Allgeier",ATL,"RB37","11","23","3 out of 5 stars","+15"
"108",9,"David Njoku",CLE,"TE12","5","27","2 out of 5 stars","+7"
"109",9,"J.K. Dobbins",BAL,"RB38","13","24","2 out of 5 stars","-59"
"110",9,"Deshaun Watson",CLE,"QB14","5","28","2 out of 5 stars","-13"
"111",9,"Rashod Bateman",BAL,"WR47","13","24","2 out of 5 stars","-15"
"112",9,"Jakobi Meyers",LV,"WR48","13","27","4 out of 5 stars","+23"
"113",9,"Pat Freiermuth",PIT,"TE13","6","25","2 out of 5 stars","-25"
"114",9,"Elijah Moore",CLE,"WR49","5","23","2 out of 5 stars","+6"
"115",9,"Tyjae Spears",TEN,"RB39","7","22","3 out of 5 stars","-9"
"116",9,"Bryce Young",CAR,"QB15","7","22","4 out of 5 stars","-6"
"117",9,"Jared Goff",DET,"QB16","9","29","3 out of 5 stars","+41"
"118",9,"Antonio Gibson",WAS,"RB40","14","25","3 out of 5 stars","0"
"119",9,"Dalton Schultz",HOU,"TE14","7","27","2 out of 5 stars","-12"
"120",9,"Devin Singletary",HOU,"RB41","7","26","3 out of 5 stars","+18"
"121",9,"Mike Williams",LAC,"WR50","5","29","3 out of 5 stars","-29"
"122",9,"Marvin Mims Jr.",DEN,"WR51","9","21","3 out of 5 stars","-20"
"123",9,"Tyler Lockett",SEA,"WR52","5","31","2 out of 5 stars","-18"
"124",9,"Kirk Cousins",MIN,"QB17","13","35","5 out of 5 stars","+23"
"125",9,"Jayden Reed",GB,"WR53","6","23","4 out of 5 stars","-21"
"126",9,"Brock Purdy",SF,"QB18","9","23","3 out of 5 stars","+101"
"127",9,"Darren Waller",NYG,"TE15","13","31","4 out of 5 stars","-26"
"128",9,"Sam Howell",WAS,"QB19","14","23","4 out of 5 stars","+149"
"129",9,"Michael Mayer",LV,"TE16","13","22","3 out of 5 stars","-31"
"130",9,"Romeo Doubs",GB,"WR54","6","23","4 out of 5 stars","+40"
"131",9,"Russell Wilson",DEN,"QB20","9","35","4 out of 5 stars","+19"
"132",9,"Damien Harris",BUF,"RB42","13","26","3 out of 5 stars","+10"
"133",9,"Courtland Sutton",DEN,"WR55","9","28","3 out of 5 stars","-25"
"134",9,"Chigoziem Okonkwo",TEN,"TE17","7","24","3 out of 5 stars","+20"
"135",9,"Kenneth Gainwell",PHI,"RB43","10","24","3 out of 5 stars","+37"
"136",10,"Geno Smith",SEA,"QB21","5","33","2 out of 5 stars","+57"
"137",10,"Zach Evans",LAR,"RB44","10","22","3 out of 5 stars","+16"
"138",10,"Cam Akers",MIN,"RB45","13","24","3 out of 5 stars","-62"
"139",10,"Daniel Jones",NYG,"QB22","13","26","2 out of 5 stars","-7"
"140",10,"Jonathan Mingo",CAR,"WR56","7","22","4 out of 5 stars","-50"
"141",10,"Brandin Cooks",DAL,"WR57","7","30","4 out of 5 stars","-14"
"142",10,"Elijah Mitchell",SF,"RB46","9","25","2 out of 5 stars","-12"
"143",10,"Jalin Hyatt",NYG,"WR58","13","22","3 out of 5 stars","-20"
"144",10,"Jamaal Williams",NO,"RB47","11","28","3 out of 5 stars","-20"
"145",10,"Greg Dulcich",DEN,"TE18","9","23","4 out of 5 stars","-11"
"146",10,"Kadarius Toney",KC,"WR59","10","24","3 out of 5 stars","-32"
"147",10,"Jordan Love",GB,"QB23","6","25","4 out of 5 stars","+54"
"148",10,"Skyy Moore",KC,"WR60","10","23","3 out of 5 stars","-17"
"149",10,"Tyler Higbee",LAR,"TE19","10","30","2 out of 5 stars","+60"
"150",10,"JuJu Smith-Schuster",NE,"WR61","11","27","4 out of 5 stars","-41"
"151",10,"Darnell Mooney",CHI,"WR62","13","26","4 out of 5 stars","-15"
"152",10,"Derek Carr",NO,"QB24","11","32","4 out of 5 stars","+55"
"153",10,"Kenny Pickett",PIT,"QB25","6","25","2 out of 5 stars","+14"
"154",10,"Odell Beckham Jr.",BAL,"WR63","13","31","2 out of 5 stars","+3"
"155",10,"Wan'Dale Robinson",NYG,"WR64","13","22","3 out of 5 stars","-22"
"156",10,"Kyren Williams",LAR,"RB48","10","23","3 out of 5 stars","+135"
"157",10,"Chase Brown",CIN,"RB49","7","23","2 out of 5 stars","-17"
"158",10,"Jaylen Warren",PIT,"RB50","6","25","4 out of 5 stars","+50"
"159",10,"D'Onta Foreman",CHI,"RB51","13","27","3 out of 5 stars","-3"
"160",10,"Jerome Ford",CLE,"RB52","5","24","2 out of 5 stars","+58"
"161",10,"Rashaad Penny",PHI,"RB53","10","27","3 out of 5 stars","-16"
"162",10,"Will Levis",TEN,"QB26","7","24","3 out of 5 stars","+27"
"163",10,"Rondale Moore",ARI,"WR65","14","23","1 out of 5 stars","-15"
"164",10,"Khalil Shakir",BUF,"WR66","13","23","2 out of 5 stars","+64"
"165",10,"Gerald Everett",LAC,"TE20","5","29","3 out of 5 stars","+41"
"166",10,"Jeff Wilson Jr.",MIA,"RB54","10","28","4 out of 5 stars","+32"
"167",11,"Israel Abanikanda",NYJ,"RB55","7","21","5 out of 5 stars","-26"
"168",11,"Michael Thomas",NO,"WR67","11","30","4 out of 5 stars","-31"
"169",11,"Tyler Boyd",CIN,"WR68","7","29","3 out of 5 stars","-4"
"170",11,"Alec Pierce",IND,"WR69","11","23","2 out of 5 stars","-18"
"171",11,"Zamir White",LV,"RB56","13","24","3 out of 5 stars","+28"
"172",11,"Clyde Edwards-Helaire",KC,"RB57","10","24","4 out of 5 stars","-26"
"173",11,"Luke Musgrave",GB,"TE21","6","23","4 out of 5 stars","-34"
"174",11,"Aaron Rodgers",NYJ,"QB27","7","40","4 out of 5 stars","-5"
"175",11,"K.J. Osborn",MIN,"WR70","13","26","3 out of 5 stars","+22"
"176",11,"Allen Lazard",NYJ,"WR71","7","27","4 out of 5 stars","-27"
"177",11,"Zach Ertz",ARI,"TE22","14","33","3 out of 5 stars","+10"
"178",11,"Donovan Peoples-Jones",DET,"WR72","9","24","3 out of 5 stars","-14"
"179",11,"Zay Jones",JAC,"WR73","9","28","3 out of 5 stars","+3"
"180",11,"Curtis Samuel",WAS,"WR74","14","27","3 out of 5 stars","+20"
"181",11,"Michael Gallup",DAL,"WR75","7","27","4 out of 5 stars","-20"
"182",11,"DJ Chark Jr.",CAR,"WR76","7","27","4 out of 5 stars","-20"
"183",11,"Raheem Mostert",MIA,"RB58","10","31","4 out of 5 stars","-4"
"184",11,"Chase Claypool",MIA,"WR77","10","25","3 out of 5 stars","-16"
"185",11,"Isaiah Likely",BAL,"TE23","13","23","3 out of 5 stars","+11"
"186",11,"Michael Carter",ARI,"RB59","14","24","2 out of 5 stars","-11"
"187",11,"Dawson Knox",BUF,"TE24","13","27","3 out of 5 stars","-27"
"188",11,"Hunter Renfrow",LV,"WR78","13","27","4 out of 5 stars","+2"
"189",11,"John Metchie III",HOU,"WR79","7","23","3 out of 5 stars","-34"
"190",11,"Dalvin Cook",NYJ,"RB60","7","28","5 out of 5 stars","-131"
"191",11,"Jerick McKinnon",KC,"RB61","10","31","4 out of 5 stars","-18"
"192",11,"Cade Otton",TB,"TE25","5","24","3 out of 5 stars","+54"
"193",11,"Keaton Mitchell",BAL,"RB62","13","21","2 out of 5 stars","+47"
"194",11,"Dallas Cowboys",DAL,"DST1","7","-","4 out of 5 stars","-"
"195",11,"Buffalo Bills",BUF,"DST2","13","-","5 out of 5 stars","-"
"196",11,"Adam Thielen",CAR,"WR80","7","33","4 out of 5 stars","-25"
"197",11,"Michael Wilson",ARI,"WR81","14","23","1 out of 5 stars","-12"
"198",11,"Hunter Henry",NE,"TE26","11","28","3 out of 5 stars","-"
"199",11,"San Francisco 49ers",SF,"DST3","9","-","3 out of 5 stars","-"
"200",11,"New York Jets",NYJ,"DST4","7","-","3 out of 5 stars","-"
"201",11,"Jelani Woods",IND,"TE27","11","25","4 out of 5 stars","+28"
"202",12,"Baltimore Ravens",BAL,"DST5","13","-","1 out of 5 stars","-"
"203",12,"New England Patriots",NE,"DST6","11","-","2 out of 5 stars","-"
"204",12,"Justin Tucker",BAL,"K1","13","34","2 out of 5 stars","+46"
"205",12,"Marquez Valdes-Scantling",KC,"WR82","10","29","3 out of 5 stars","+10"
"206",12,"Gus Edwards",BAL,"RB63","13","28","2 out of 5 stars","+30"
"207",12,"Matthew Stafford",LAR,"QB28","10","35","3 out of 5 stars","+24"
"208",12,"Daniel Bellinger",NYG,"TE28","13","23","4 out of 5 stars","+65"
"209",12,"Samaje Perine",DEN,"RB64","9","28","3 out of 5 stars","-26"
"210",12,"Mac Jones",NE,"QB29","11","25","4 out of 5 stars","+51"
"211",12,"Philadelphia Eagles",PHI,"DST7","10","-","3 out of 5 stars","-"
"212",12,"Evan McPherson",CIN,"K2","7","24","3 out of 5 stars","+40"
"213",12,"Jake Ferguson",DAL,"TE29","7","24","3 out of 5 stars","+52"
"214",12,"Zonovan Knight",DET,"RB65","9","22","4 out of 5 stars","+25"
"215",12,"Irv Smith Jr.",CIN,"TE30","7","25","2 out of 5 stars","-3"
"216",12,"Joshua Kelley",LAC,"RB66","5","26","5 out of 5 stars","+51"
"217",12,"Tyler Bass",BUF,"K3","13","26","3 out of 5 stars","+41"
"218",12,"Denver Broncos",DEN,"DST8","9","-","3 out of 5 stars","-"
"219",12,"Rashid Shaheed",NO,"WR83","11","25","4 out of 5 stars","0"
"220",12,"Desmond Ridder",ATL,"QB30","11","24","4 out of 5 stars","+37"
"221",12,"Joshua Palmer",LAC,"WR84","5","24","3 out of 5 stars","-19"
"222",12,"Cedric Tillman",CLE,"WR85","5","23","2 out of 5 stars","-93"
"223",12,"Daniel Carlson",LV,"K4","13","28","3 out of 5 stars","+32"
"224",12,"Chuba Hubbard",CAR,"RB67","7","24","2 out of 5 stars","-46"
"225",12,"Cincinnati Bengals",CIN,"DST9","7","-","0 out of 5 stars","-"
"226",12,"Deuce Vaughn",DAL,"RB68","7","22","3 out of 5 stars","-35"
"227",12,"Tutu Atwell",LAR,"WR86","10","24","3 out of 5 stars","-"
"228",12,"Ezekiel Elliott",NE,"RB69","11","28","5 out of 5 stars","-100"
"229",12,"D'Ernest Johnson",JAC,"RB70","9","27","3 out of 5 stars","-"
"230",12,"Miami Dolphins",MIA,"DST10","10","-","5 out of 5 stars","-"
"231",12,"Kansas City Chiefs",KC,"DST11","10","-","4 out of 5 stars","-"
"232",12,"Harrison Butker",KC,"K5","10","28","4 out of 5 stars","+28"
"233",12,"Pittsburgh Steelers",PIT,"DST12","6","-","2 out of 5 stars","-"
"234",12,"Juwan Johnson",NO,"TE31","11","27","3 out of 5 stars","-23"
"235",12,"Mike Gesicki",NE,"TE32","11","28","3 out of 5 stars","-54"
"236",12,"Greg Zuerlein",NYJ,"K6","7","35","1 out of 5 stars","-"
"237",12,"Tampa Bay Buccaneers",TB,"DST13","5","-","3 out of 5 stars","-"
"238",12,"Kareem Hunt",CLE,"RB71","5","28","2 out of 5 stars","-75"
"239",12,"Noah Fant",SEA,"TE33","5","26","3 out of 5 stars","-53"
"240",12,"Pierre Strong Jr.",CLE,"RB72","5","24","2 out of 5 stars","-3"
"241",12,"Jimmy Garoppolo",LV,"QB31","13","32","4 out of 5 stars","+28"
"242",12,"Demario Douglas",NE,"WR87","11","22","4 out of 5 stars","+56"
"243",12,"Sean Tucker",TB,"RB73","5","22","2 out of 5 stars","-48"
"244",12,"Baker Mayfield",TB,"QB32","5","28","3 out of 5 stars","-"
"245",12,"Cleveland Browns",CLE,"DST14","5","-","1 out of 5 stars","-"
"246",12,"Leonard Fournette",BUF,"RB74","13","28","3 out of 5 stars","-102"
"247",12,"Ty Chandler",MIN,"RB75","13","25","3 out of 5 stars","+21"
"248",12,"Terrace Marshall Jr.",CAR,"WR88","7","23","4 out of 5 stars","-26"
"249",12,"Graham Gano",NYG,"K7","13","36","4 out of 5 stars","-"
"250",12,"Younghoe Koo",ATL,"K8","11","29","4 out of 5 stars","+12"
"251",12,"Hayden Hurst",CAR,"TE34","7","30","4 out of 5 stars","+46"
"252",13,"Jason Sanders",MIA,"K9","10","28","5 out of 5 stars","-"
"253",13,"Aidan O'Connell",LV,"QB33","13","25","4 out of 5 stars","-"
"254",13,"Isaiah Hodgins",NYG,"WR89","13","25","3 out of 5 stars","-20"
"255",13,"Jason Myers",SEA,"K10","5","32","2 out of 5 stars","+47"
"256",13,"Washington Commanders",WAS,"DST15","14","-","4 out of 5 stars","-"
"257",13,"Kenny McIntosh",SEA,"RB76","5","23","2 out of 5 stars","-25"
"258",13,"Evan Hull",IND,"RB77","11","23","3 out of 5 stars","-66"
"259",13,"Jacksonville Jaguars",JAC,"DST16","9","-","1 out of 5 stars","-"
"260",13,"Logan Thomas",WAS,"TE35","14","32","3 out of 5 stars","-"
"261",13,"Cameron Dicker",LAC,"K11","5","23","5 out of 5 stars","+38"
"262",13,"Luke Schoonmaker",DAL,"TE36","7","25","3 out of 5 stars","-82"
"263",13,"Matt Gay",IND,"K12","11","29","4 out of 5 stars","0"
"264",13,"Green Bay Packers",GB,"DST17","6","-","4 out of 5 stars","-"
"265",13,"Van Jefferson",ATL,"WR90","11","27","4 out of 5 stars","-23"
"266",13,"Tyquan Thornton",NE,"WR91","11","23","4 out of 5 stars","-36"
"267",13,"Devin Duvernay",BAL,"WR92","13","26","2 out of 5 stars","-"
"268",13,"Indianapolis Colts",IND,"DST18","11","-","4 out of 5 stars","-"
"269",13,"Jake Elliott",PHI,"K13","10","28","3 out of 5 stars","-"
"270",13,"Parris Campbell",NYG,"WR93","13","26","3 out of 5 stars","-32"
"271",13,"Eric Gray",NYG,"RB78","13","24","4 out of 5 stars","-95"
"272",13,"Darius Slayton",NYG,"WR94","13","26","3 out of 5 stars","-28"
"273",13,"Kendrick Bourne",NE,"WR95","11","28","4 out of 5 stars","+16"
"274",13,"Zack Moss",IND,"RB79","11","25","3 out of 5 stars","-"
"275",13,"Robert Woods",HOU,"WR96","7","31","3 out of 5 stars","-22"
"276",13,"Taysom Hill",NO,"TE37","11","33","3 out of 5 stars","+27"
"277",13,"Riley Patterson",DET,"K14","9","24","3 out of 5 stars","-"
"278",13,"Tyler Conklin",NYJ,"TE38","7","28","4 out of 5 stars","-8"
"279",13,"Wil Lutz",DEN,"K15","9","29","1 out of 5 stars","-"
"280",13,"Brandon McManus",JAC,"K16","9","32","3 out of 5 stars","-"
"281",13,"Tyler Scott",CHI,"WR97","13","22","4 out of 5 stars","-"
"282",13,"Trey Lance",DAL,"QB34","7","23","5 out of 5 stars","-139"
"283",13,"Jonnu Smith",ATL,"TE39","11","28","3 out of 5 stars","-"
"284",13,"New Orleans Saints",NO,"DST19","11","-","5 out of 5 stars","-"
"285",13,"Seattle Seahawks",SEA,"DST20","5","-","2 out of 5 stars","-"
"286",13,"Allen Robinson II",PIT,"WR98","6","30","1 out of 5 stars","-69"
"287",13,"Calvin Austin III",PIT,"WR99","6","24","1 out of 5 stars","-"
"288",13,"Ka'imi Fairbairn",HOU,"K17","7","29","5 out of 5 stars","-"
"289",13,"Xavier Hutchinson",HOU,"WR100","7","23","3 out of 5 stars","-84"
"290",13,"Los Angeles Chargers",LAC,"DST21","5","-","4 out of 5 stars","-"
"291",13,"Mecole Hardman Jr.",KC,"WR101","10","25","3 out of 5 stars","-56"
"292",13,"A.T. Perry",NO,"WR102","11","24","4 out of 5 stars","-51"
"293",13,"Cordarrelle Patterson",ATL,"RB80","11","32","3 out of 5 stars","-105"
"294",13,"DeVante Parker",NE,"WR103","11","30","4 out of 5 stars","-22"
"295",13,"Kayshon Boutte",NE,"WR104","11","21","4 out of 5 stars","-144"
"296",13,"Keaontay Ingram",ARI,"RB81","14","24","2 out of 5 stars","-40"
"297",13,"DeWayne McBride",MIN,"RB82","13","22","3 out of 5 stars","-93"
"298",13,"Chris Boswell",PIT,"K18","6","32","3 out of 5 stars","-"
"299",13,"Detroit Lions",DET,"DST22","9","-","4 out of 5 stars","-"
"300",13,"Chase Edmonds",TB,"RB83","5","27","2 out of 5 stars","-79"
"301",13,"Carolina Panthers",CAR,"DST23","7","-","3 out of 5 stars","-"
"302",13,"Dustin Hopkins",CLE,"K19","5","33","5 out of 5 stars","-"
"303",13,"Russell Gage",TB,"WR105","5","27","4 out of 5 stars","-"
"304",13,"Brenton Strange",JAC,"TE40","9","22","2 out of 5 stars","-90"
"305",13,"Brett Maher",FA,"K20","-","34","-","-5"
"306",13,"New York Giants",NYG,"DST24","13","-","3 out of 5 stars","-"
"307",14,"Tennessee Titans",TEN,"DST25","7","-","1 out of 5 stars","-"
"308",14,"Los Angeles Rams",LAR,"DST26","10","-","2 out of 5 stars","-"
"309",14,"Matt Prater",ARI,"K21","14","39","4 out of 5 stars","-"
"310",14,"Jake Moody",SF,"K22","9","24","2 out of 5 stars","-"
"311",14,"Kyle Philips",TEN,"WR106","7","24","3 out of 5 stars","-19"
"312",14,"Greg Joseph",MIN,"K23","13","29","2 out of 5 stars","-"
"313",14,"Isaiah Spiller",LAC,"RB84","5","22","5 out of 5 stars","-110"
"314",14,"Josh Reynolds",DET,"WR107","9","28","3 out of 5 stars","-"
"315",14,"Malik Davis",DAL,"RB85","7","25","3 out of 5 stars","-91"
"316",14,"Joshua Dobbs",MIN,"QB35","13","28","5 out of 5 stars","-"
"317",14,"Hendon Hooker",DET,"QB36","9","25","3 out of 5 stars","-97"
"318",14,"Darnell Washington",PIT,"TE41","6","22","2 out of 5 stars","-141"
"319",14,"Trey Palmer",TB,"WR108","5","22","4 out of 5 stars","-93"
"320",14,"Tucker Kraft",GB,"TE42","6","23","4 out of 5 stars","-110"
"321",14,"Jalen Tolbert",DAL,"WR109","7","24","4 out of 5 stars","-34"
"322",14,"James Robinson",GB,"RB86","6","25","2 out of 5 stars","-106"
"323",14,"Deon Jackson",NYG,"RB87","13","24","4 out of 5 stars","-19"
"324",14,"Parker Washington",JAC,"WR110","9","21","3 out of 5 stars","-91"
"325",14,"Ke'Shawn Vaughn",TB,"RB88","5","26","2 out of 5 stars","-"
"326",14,"Matt Breida",NYG,"RB89","13","28","4 out of 5 stars","-"
"327",14,"Minnesota Vikings",MIN,"DST27","13","-","4 out of 5 stars","-"
"328",14,"Nick Folk",TEN,"K24","7","39","4 out of 5 stars","-23"
"329",14,"Kevin Harris",NE,"RB90","11","23","5 out of 5 stars","-"
"330",14,"Latavius Murray",BUF,"RB91","13","33","3 out of 5 stars","-"
"331",14,"Charlie Jones",CIN,"WR111","7","25","3 out of 5 stars","-82"
"332",14,"Zach Wilson",NYJ,"QB37","7","24","4 out of 5 stars","-"
"333",14,"Gardner Minshew II",IND,"QB38","11","27","2 out of 5 stars","-"
"334",14,"Jordan Mason",SF,"RB92","9","24","2 out of 5 stars","-"
"335",14,"Chad Ryland",NE,"K25","11","24","3 out of 5 stars","-"
"336",14,"JaMycal Hasty",NE,"RB93","11","27","5 out of 5 stars","-"
"337",14,"Ryan Succop",FA,"K26","-","37","-","-"
"338",14,"Tyrion Davis-Price",SF,"RB94","9","23","2 out of 5 stars","-48"
"339",14,"Boston Scott",PHI,"RB95","10","28","3 out of 5 stars","-61"
"340",14,"Chris Evans",CIN,"RB96","7","26","2 out of 5 stars","-"
"341",14,"Robbie Gould",FA,"K27","-","41","-","-"
"342",14,"Ryan Tannehill",TEN,"QB39","7","35","3 out of 5 stars","-"
"343",14,"Chris Rodriguez Jr.",WAS,"RB97","14","23","3 out of 5 stars","-130"
"344",14,"Deonte Harty",BUF,"WR112","13","25","2 out of 5 stars","-"
"345",14,"Arizona Cardinals",ARI,"DST28","14","-","2 out of 5 stars","-"
"346",14,"Austin Hooper",LV,"TE43","13","29","3 out of 5 stars","-"
"347",14,"Isaiah McKenzie",IND,"WR113","11","28","2 out of 5 stars","-"
"348",14,"Cade York",NYG,"K28","13","22","4 out of 5 stars","-41"
"349",14,"Richie James Jr.",KC,"WR114","10","28","3 out of 5 stars","-83"
"350",14,"Michael Badgley",DET,"K29","9","28","3 out of 5 stars","-"
"351",14,"Cairo Santos",CHI,"K30","13","32","2 out of 5 stars","-"
"352",14,"Justice Hill",BAL,"RB98","13","26","2 out of 5 stars","-"
"353",15,"Laviska Shenault Jr.",CAR,"WR115","7","25","4 out of 5 stars","-"
"354",15,"David Bell",CLE,"WR116","5","22","2 out of 5 stars","-80"
"355",15,"Raheem Blackshear",CAR,"RB99","7","24","2 out of 5 stars","-"
"356",15,"Rico Dowdle",DAL,"RB100","7","25","3 out of 5 stars","-"
"357",15,"Rodrigo Blankenship",FA,"K31","-","26","-","-"
"358",15,"Sterling Shepard",NYG,"WR117","13","30","3 out of 5 stars","-"
"359",15,"Jacoby Brissett",WAS,"QB40","14","30","4 out of 5 stars","-"
"360",15,"Darrell Henderson Jr.",LAR,"RB101","10","26","3 out of 5 stars","-67"
"361",15,"Adam Trautman",DEN,"TE44","9","26","4 out of 5 stars","-75"
"362",15,"Foster Moreau",NO,"TE45","11","26","3 out of 5 stars","-"
"363",15,"Denzel Mims",PIT,"WR118","6","26","1 out of 5 stars","-"
"364",15,"Nick Westbrook-Ikhine",TEN,"WR119","7","26","3 out of 5 stars","-"
"365",15,"Mack Hollins",ATL,"WR120","11","30","4 out of 5 stars","-"
"366",15,"Noah Gray",KC,"TE46","10","24","4 out of 5 stars","-"
"367",15,"Albert Okwuegbunam",PHI,"TE47","10","25","4 out of 5 stars","-73"
"368",15,"Dontayvion Wicks",GB,"WR121","6","22","4 out of 5 stars","-120"
"369",15,"Marvin Jones Jr.",FA,"WR122","-","33","-","-85"
"370",15,"Brevin Jordan",HOU,"TE48","7","23","2 out of 5 stars","-"
"371",15,"Noah Brown",HOU,"WR123","7","27","3 out of 5 stars","-"
"372",15,"Greg Dortch",ARI,"WR124","14","25","1 out of 5 stars","-90"
"373",15,"Robert Tonyan",CHI,"TE49","13","29","3 out of 5 stars","-"
"374",15,"Craig Reynolds",DET,"RB102","9","27","4 out of 5 stars","-"
"375",15,"Melvin Gordon III",BAL,"RB103","13","30","2 out of 5 stars","-104"
"376",15,"Ronald Jones II",FA,"RB104","-","26","-","-112"
"377",15,"Taylor Heinicke",ATL,"QB41","11","30","4 out of 5 stars","-"
"378",15,"Justyn Ross",KC,"WR125","10","23","3 out of 5 stars","-98"
"379",15,"Braxton Berrios",MIA,"WR126","10","28","3 out of 5 stars","-"
"380",15,"Quez Watkins",PHI,"WR127","10","25","4 out of 5 stars","-"
"381",15,"Andrei Iosivas",CIN,"WR128","7","24","3 out of 5 stars","-93"
"382",15,"KJ Hamler",IND,"WR129","11","24","2 out of 5 stars","-"
"383",15,"Chicago Bears",CHI,"DST29","13","-","5 out of 5 stars","-"
"384",15,"Mo Alie-Cox",IND,"TE50","11","30","4 out of 5 stars","-"
"385",15,"Kylen Granson",IND,"TE51","11","25","4 out of 5 stars","-"
"386",15,"Will Dissly",SEA,"TE52","5","27","3 out of 5 stars","-"
"387",15,"Charlie Kolar",BAL,"TE53","13","24","3 out of 5 stars","-"
"388",15,"Hassan Haskins",TEN,"RB105","7","24","3 out of 5 stars","-"
"389",15,"Jauan Jennings",SF,"WR130","9","26","3 out of 5 stars","-"
"390",15,"Salvon Ahmed",MIA,"RB106","10","24","4 out of 5 stars","-"
"391",15,"Tre Tucker",LV,"WR131","13","22","4 out of 5 stars","-166"
"392",15,"Donald Parham Jr.",LAC,"TE54","5","26","3 out of 5 stars","-"
"393",15,"Andy Dalton",CAR,"QB42","7","36","4 out of 5 stars","-"
"394",15,"Harrison Bryant",CLE,"TE55","5","25","2 out of 5 stars","-"
"395",15,"Houston Texans",HOU,"DST30","7","-","4 out of 5 stars","-"
"396",15,"Nelson Agholor",BAL,"WR132","13","30","2 out of 5 stars","-"
"397",15,"Dres Anderson",FA,"WR133","-","31","-","-"
"398",15,"Sam Darnold",SF,"QB43","9","26","3 out of 5 stars","-"
"399",15,"Myles Gaskin",MIN,"RB107","13","26","3 out of 5 stars","-"
"400",15,"C.J. Uzomah",NYJ,"TE56","7","30","4 out of 5 stars","-"
"401",15,"Kenyan Drake",CLE,"RB108","5","29","2 out of 5 stars","-"
"402",15,"Will Mallory",IND,"TE57","11","24","4 out of 5 stars","-159"
"403",15,"Jarvis Landry",FA,"WR134","-","31","-","-"
"404",15,"Jamison Crowder",WAS,"WR135","14","30","3 out of 5 stars","-"
"405",15,"DeeJay Dallas",SEA,"RB109","5","25","2 out of 5 stars","-"
"406",15,"Tony Jones Jr.",NO,"RB110","11","26","3 out of 5 stars","-"
"407",15,"Ben Skowronek",LAR,"WR136","10","26","3 out of 5 stars","-"
"408",15,"Zack Kuntz",NYJ,"TE58","7","24","4 out of 5 stars","-107"
"409",15,"Derius Davis",LAC,"WR137","5","23","3 out of 5 stars","-162"
"410",15,"Ameer Abdullah",LV,"RB111","13","30","3 out of 5 stars","-"
"411",15,"Jeremy Ruckert",NYJ,"TE59","7","23","4 out of 5 stars","-"
"412",15,"Dorian Thompson-Robinson",CLE,"QB44","5","24","2 out of 5 stars","-106"
"413",15,"J.D. McKissic",FA,"RB112","-","30","-","-"
"414",15,"Marquez Callaway",NO,"WR138","11","25","4 out of 5 stars","-"
"415",15,"Peyton Hendershot",DAL,"TE60","7","24","3 out of 5 stars","-"
"416",15,"Dyami Brown",WAS,"WR139","14","24","3 out of 5 stars","-"
"417",15,"Olamide Zaccheaus",PHI,"WR140","10","26","4 out of 5 stars","-"
"418",15,"Ronnie Bell",SF,"WR141","9","23","3 out of 5 stars","-133"
"419",15,"Eddy Pineiro",CAR,"K32","7","28","4 out of 5 stars","-"
"420",15,"Rakim Jarrett",TB,"WR142","5","22","4 out of 5 stars","-161"
"421",15,"John Bates",WAS,"TE61","14","26","3 out of 5 stars","-"
"422",15,"Erik Ezukanma",MIA,"WR143","10","23","3 out of 5 stars","-"
"423",15,"Elijah Higgins",ARI,"TE62","14","23","3 out of 5 stars","-140"
"424",15,"Tommy Tremble",CAR,"TE63","7","23","4 out of 5 stars","-"
"425",15,"Eno Benjamin",NO,"RB113","11","24","3 out of 5 stars","-"
"426",15,"Kalif Raymond",DET,"WR144","9","29","3 out of 5 stars","-"