"ID","Last Name","First Name","Team ID","Team Name","Status","Status Details","Position","Eligible Positions","Image"
"423.p.32723","Hurts","Jalen","423.l.1132339.t.1","Vultures","Available","","QB","QB","https://s.yimg.com/iu/api/res/1.2/ujyYPM4olVg1EDnXzQUgGw--~C/YXBwaWQ9eXNwb3J0cztjaD0yMzM2O2NyPTE7Y3c9MTc5MDtkeD04NTc7ZHk9MDtmaT11bGNyb3A7aD02MDtxPTEwMDt3PTQ2/https://s.yimg.com/xe/i/us/sp/v/nfl_cutout/players_l/08222023/32723.png"
"423.p.31898","Johnson","Diontae","423.l.1132339.t.1","Vultures","Available","","WR","WR,W/R/T","https://s.yimg.com/iu/api/res/1.2/rWYS3gd7L1OSmCvaDD5O_g--~C/YXBwaWQ9eXNwb3J0cztjaD0yMzM2O2NyPTE7Y3c9MTc5MDtkeD04NTc7ZHk9MDtmaT11bGNyb3A7aD02MDtxPTEwMDt3PTQ2/https://s.yimg.com/xe/i/us/sp/v/nfl_cutout/players_l/09062022/31898.png"
"423.p.32692","Jefferson","Justin","423.l.1132339.t.1","Vultures","Available","","WR","WR,W/R/T","https://s.yimg.com/iu/api/res/1.2/uKAl5.v0hNtF.Gofx7AY5w--~C/YXBwaWQ9eXNwb3J0cztjaD0yMzM2O2NyPTE7Y3c9MTc5MDtkeD04NTc7ZHk9MDtmaT11bGNyb3A7aD02MDtxPTEwMDt3PTQ2/https://s.yimg.com/xe/i/us/sp/v/nfl_cutout/players_l/09122022/32692.png"
"423.p.29279","Henry","Derrick","423.l.1132339.t.1","Vultures","Available","","RB","RB,W/R/T","https://s.yimg.com/iu/api/res/1.2/axybdmTm92jaZUw5ZMNwog--~C/YXBwaWQ9eXNwb3J0cztjaD0yMzM2O2NyPTE7Y3c9MTc5MDtkeD04NTc7ZHk9MDtmaT11bGNyb3A7aD02MDtxPTEwMDt3PTQ2/https://s.yimg.com/xe/i/us/sp/v/nfl_cutout/players_l/08182023/29279.png"
"423.p.31424","Edwards","Gus","423.l.1132339.t.1","Vultures","Available","","RB","RB,W/R/T","https://s.yimg.com/iu/api/res/1.2/.tqOcfnB1VBA6GIceYgrmw--~C/YXBwaWQ9eXNwb3J0cztjaD0yMzM2O2NyPTE7Y3c9MTc5MDtkeD04NTc7ZHk9MDtmaT11bGNyb3A7aD02MDtxPTEwMDt3PTQ2/https://s.yimg.com/xe/i/us/sp/v/nfl_cutout/players_l/08222023/31424.png"
"423.p.34085","Ferguson","Jake","423.l.1132339.t.1","Vultures","Available","","TE","TE,W/R/T","https://s.yimg.com/iu/api/res/1.2/0lyCXGNYBem4Ht_01b9Gcg--~C/YXBwaWQ9eXNwb3J0cztjaD0yMzM2O2NyPTE7Y3c9MTc5MDtkeD04NTc7ZHk9MDtmaT11bGNyb3A7aD02MDtxPTEwMDt3PTQ2/https://s.yimg.com/xe/i/us/sp/v/nfl_cutout/players_l/08282023/34085.png"
"423.p.33477","Collins","Nico","423.l.1132339.t.1","Vultures","Available","","W/R/T","WR,W/R/T","https://s.yimg.com/iu/api/res/1.2/Pw4P.sDqOulYFOpgaRiAoQ--~C/YXBwaWQ9eXNwb3J0cztjaD0yMzM2O2NyPTE7Y3c9MTc5MDtkeD04NTc7ZHk9MDtmaT11bGNyb3A7aD02MDtxPTEwMDt3PTQ2/https://s.yimg.com/xe/i/us/sp/v/nfl_cutout/players_l/08312023/33477.png"
"423.p.26650","Hopkins","DeAndre","423.l.1132339.t.1","Vultures","Available","","BN","WR,W/R/T","https://s.yimg.com/iu/api/res/1.2/CGPCfPqk5JU00Xl3dyZDwA--~C/YXBwaWQ9eXNwb3J0cztjaD0yMzM2O2NyPTE7Y3c9MTc5MDtkeD04NTc7ZHk9MDtmaT11bGNyb3A7aD02MDtxPTEwMDt3PTQ2/https://s.yimg.com/xe/i/us/sp/v/nfl_cutout/players_l/08282023/26650.png"
"423.p.33514","Hubbard","Chuba","423.l.1132339.t.1","Vultures","Available","","BN","RB,W/R/T","https://s.yimg.com/iu/api/res/1.2/y8R0YHhoMVrg0hUqGAlVFA--~C/YXBwaWQ9eXNwb3J0cztjaD0yMzM2O2NyPTE7Y3c9MTc5MDtkeD04NTc7ZHk9MDtmaT11bGNyb3A7aD02MDtxPTEwMDt3PTQ2/https://s.yimg.com/xe/i/us/sp/v/nfl_cutout/players_l/09012023/33514.png"
"423.p.32798","Davis","Gabe","423.l.1132339.t.1","Vultures","Available","","BN","WR,W/R/T","https://s.yimg.com/iu/api/res/1.2/FpnVozvf7BEniT.DSR1bbg--~C/YXBwaWQ9eXNwb3J0cztjaD0yMzM2O2NyPTE7Y3c9MTc5MDtkeD04NTc7ZHk9MDtmaT11bGNyb3A7aD02MDtxPTEwMDt3PTQ2/https://s.yimg.com/xe/i/us/sp/v/nfl_cutout/players_l/08162022/32798.png"
"423.p.40126","Downs","Josh","423.l.1132339.t.1","Vultures","Available","","BN","WR,W/R/T","https://s.yimg.com/iu/api/res/1.2/Kh.._7.DGWq5GmXaqF3C0w--~C/YXBwaWQ9eXNwb3J0cztjaD0yMzM2O2NyPTE7Y3c9MTc5MDtkeD04NTc7ZHk9MDtmaT11bGNyb3A7aD02MDtxPTEwMDt3PTQ2/https://s.yimg.com/xe/i/us/sp/v/nfl_cutout/players_l/08172023/40126.png"
"423.p.30248","Dobbs","Joshua","423.l.1132339.t.1","Vultures","Available","","BN","QB","https://s.yimg.com/iu/api/res/1.2/ZpS0w9R3NDxDxbdRjYNNYA--~C/YXBwaWQ9eXNwb3J0cztjaD0yMzM2O2NyPTE7Y3c9MTc5MDtkeD04NTc7ZHk9MDtmaT11bGNyb3A7aD02MDtxPTEwMDt3PTQ2/https://s.yimg.com/xe/i/us/sp/v/nfl_cutout/players_l/10312023/30248.png"
"423.p.30266","Elliott","Jake","423.l.1132339.t.1","Vultures","Available","","K","K","https://s.yimg.com/iu/api/res/1.2/cJxU0FO_kfryoXKrAKY9iA--~C/YXBwaWQ9eXNwb3J0cztjaD0yMzM2O2NyPTE7Y3c9MTc5MDtkeD04NTc7ZHk9MDtmaT11bGNyb3A7aD02MDtxPTEwMDt3PTQ2/https://s.yimg.com/xe/i/us/sp/v/nfl_cutout/players_l/09052022/30266.png"
"423.p.100011","","Indianapolis","423.l.1132339.t.1","Vultures","Available","","DEF","DEF","https://s.yimg.com/lq/i/us/sp/v/nfl/teams/1/50x50w/ind.gif"
"423.p.100005","","Cleveland","423.l.1132339.t.1","Vultures","Available","","BN","DEF","https://s.yimg.com/lq/i/us/sp/v/nfl/teams/1/50x50w/cle.gif"
"423.p.33996","Walker III","Kenneth","423.l.1132339.t.1","Vultures","Questionable","Q - Oblique","IR","RB,W/R/T","https://s.yimg.com/iu/api/res/1.2/P3hgQ_501q_FSeopp00fXQ--~C/YXBwaWQ9eXNwb3J0cztjaD0yMzM2O2NyPTE7Y3c9MTc5MDtkeD04NTc7ZHk9MDtmaT11bGNyb3A7aD02MDtxPTEwMDt3PTQ2/https://s.yimg.com/xe/i/us/sp/v/nfl_cutout/players_l/07252023/33996.png"
"423.p.30123","Mahomes","Patrick","423.l.1132339.t.2","Country Roads Take Mahomes","Available","","QB","QB","https://s.yimg.com/iu/api/res/1.2/LzH2rsHlIjQrRMSxKJp8bw--~C/YXBwaWQ9eXNwb3J0cztjaD0yMzM2O2NyPTE7Y3c9MTc5MDtkeD04NTc7ZHk9MDtmaT11bGNyb3A7aD02MDtxPTEwMDt3PTQ2/https://s.yimg.com/xe/i/us/sp/v/nfl_cutout/players_l/08302023/30123.png"
"423.p.32704","Pittman Jr.","Michael","423.l.1132339.t.2","Country Roads Take Mahomes","Available","","WR","WR,W/R/T","https://s.yimg.com/iu/api/res/1.2/aKVf3jXhL1bRWRN5yveOLw--~C/YXBwaWQ9eXNwb3J0cztjaD0yMzM2O2NyPTE7Y3c9MTc5MDtkeD04NTc7ZHk9MDtmaT11bGNyb3A7aD02MDtxPTEwMDt3PTQ2/https://s.yimg.com/xe/i/us/sp/v/nfl_cutout/players_l/09042023/32704.png"
"423.p.30182","Kupp","Cooper","423.l.1132339.t.2","Country Roads Take Mahomes","Available","","WR","WR,W/R/T","https://s.yimg.com/iu/api/res/1.2/c3BFIzPM2ucnxLmLtUmT6w--~C/YXBwaWQ9eXNwb3J0cztjaD0yMzM2O2NyPTE7Y3c9MTc5MDtkeD04NTc7ZHk9MDtmaT11bGNyb3A7aD02MDtxPTEwMDt3PTQ2/https://s.yimg.com/xe/i/us/sp/v/nfl_cutout/players_l/08252023/30182.png"
"423.p.40059","Gibbs","Jahmyr","423.l.1132339.t.2","Country Roads Take Mahomes","Available","","RB","RB,W/R/T","https://s.yimg.com/iu/api/res/1.2/uJhJQiAliGiwFDTJ7lQ.2Q--~C/YXBwaWQ9eXNwb3J0cztjaD0yMzM2O2NyPTE7Y3c9MTc5MDtkeD04NTc7ZHk9MDtmaT11bGNyb3A7aD02MDtxPTEwMDt3PTQ2/https://s.yimg.com/xe/i/us/sp/v/nfl_cutout/players_l/08112023/40059.png"
"423.p.40118","Achane","De'Von","423.l.1132339.t.2","Country Roads Take Mahomes","Available","","RB","RB,W/R/T","https://s.yimg.com/iu/api/res/1.2/jC88IUunXzlnbnUq1GyzlA--~C/YXBwaWQ9eXNwb3J0cztjaD0yMzM2O2NyPTE7Y3c9MTc5MDtkeD04NTc7ZHk9MDtmaT11bGNyb3A7aD02MDtxPTEwMDt3PTQ2/https://s.yimg.com/xe/i/us/sp/v/nfl_cutout/players_l/08102023/40118.png"
"423.p.30136","Engram","Evan","423.l.1132339.t.2","Country Roads Take Mahomes","Available","","TE","TE,W/R/T","https://s.yimg.com/iu/api/res/1.2/o6Ww.Q9ytv48B9LNAHMv8A--~C/YXBwaWQ9eXNwb3J0cztjaD0yMzM2O2NyPTE7Y3c9MTc5MDtkeD04NTc7ZHk9MDtmaT11bGNyb3A7aD02MDtxPTEwMDt3PTQ2/https://s.yimg.com/xe/i/us/sp/v/nfl_cutout/players_l/09022022/30136.png"
"423.p.30994","Moore","DJ","423.l.1132339.t.2","Country Roads Take Mahomes","Available","","W/R/T","WR,W/R/T","https://s.yimg.com/iu/api/res/1.2/3K7Sh.Q0fLpdyh7g2QD.nA--~C/YXBwaWQ9eXNwb3J0cztjaD0yMzM2O2NyPTE7Y3c9MTc5MDtkeD04NTc7ZHk9MDtmaT11bGNyb3A7aD02MDtxPTEwMDt3PTQ2/https://s.yimg.com/xe/i/us/sp/v/nfl_cutout/players_l/08082023/30994.png"
"423.p.30295","Jones","Aaron","423.l.1132339.t.2","Country Roads Take Mahomes","Questionable","Q - Knee - MCL","BN","RB,W/R/T","https://s.yimg.com/iu/api/res/1.2/ez8dGQIh4snWNJ.0GsSe3Q--~C/YXBwaWQ9eXNwb3J0cztjaD0yMzM2O2NyPTE7Y3c9MTc5MDtkeD04NTc7ZHk9MDtmaT11bGNyb3A7aD02MDtxPTEwMDt3PTQ2/https://s.yimg.com/xe/i/us/sp/v/nfl_cutout/players_l/08302022/30295.png"
"423.p.32732","Dillon","AJ","423.l.1132339.t.2","Country Roads Take Mahomes","Questionable","Q - Groin","BN","RB,W/R/T","https://s.yimg.com/iu/api/res/1.2/AchNjEetaIqxY1nRI4bj.g--~C/YXBwaWQ9eXNwb3J0cztjaD0yMzM2O2NyPTE7Y3c9MTc5MDtkeD04NTc7ZHk9MDtmaT11bGNyb3A7aD02MDtxPTEwMDt3PTQ2/https://s.yimg.com/xe/i/us/sp/v/nfl_cutout/players_l/08302023/32732.png"
"423.p.30218","Conner","James","423.l.1132339.t.2","Country Roads Take Mahomes","Available","","BN","RB,W/R/T","https://s.yimg.com/iu/api/res/1.2/PrfE8z8iqrnrYHB7znKVdQ--~C/YXBwaWQ9eXNwb3J0cztjaD0yMzM2O2NyPTE7Y3c9MTc5MDtkeD04NTc7ZHk9MDtmaT11bGNyb3A7aD02MDtxPTEwMDt3PTQ2/https://s.yimg.com/xe/i/us/sp/v/nfl_cutout/players_l/08212023/30218.png"
"423.p.40039","Flowers","Zay","423.l.1132339.t.2","Country Roads Take Mahomes","Available","","BN","WR,W/R/T","https://s.yimg.com/iu/api/res/1.2/tcWkL8CJ6Zk6aH3VzZNL5w--~C/YXBwaWQ9eXNwb3J0cztjaD0yMzM2O2NyPTE7Y3c9MTc5MDtkeD04NTc7ZHk9MDtmaT11bGNyb3A7aD02MDtxPTEwMDt3PTQ2/https://s.yimg.com/xe/i/us/sp/v/nfl_cutout/players_l/07282023/40039.png"
"423.p.29235","Goff","Jared","423.l.1132339.t.2","Country Roads Take Mahomes","Available","","BN","QB","https://s.yimg.com/iu/api/res/1.2/PPZidVKgBCXzMjVMeRh.sw--~C/YXBwaWQ9eXNwb3J0cztjaD0yMzM2O2NyPTE7Y3c9MTc5MDtkeD04NTc7ZHk9MDtmaT11bGNyb3A7aD02MDtxPTEwMDt3PTQ2/https://s.yimg.com/xe/i/us/sp/v/nfl_cutout/players_l/08302023/29235.png"
"423.p.29344","Higbee","Tyler","423.l.1132339.t.2","Country Roads Take Mahomes","Questionable","Q - Neck","BN","TE,W/R/T","https://s.yimg.com/iu/api/res/1.2/jaaFMcx3Jsyia9DvAl2Ekw--~C/YXBwaWQ9eXNwb3J0cztjaD0yMzM2O2NyPTE7Y3c9MTc5MDtkeD04NTc7ZHk9MDtmaT11bGNyb3A7aD02MDtxPTEwMDt3PTQ2/https://s.yimg.com/xe/i/us/sp/v/nfl_cutout/players_l/08252023/29344.png"
"423.p.34344","Dicker","Cameron","423.l.1132339.t.2","Country Roads Take Mahomes","Available","","K","K","https://s.yimg.com/iu/api/res/1.2/XAI1iHGCrUs2Y71Z4dZOAA--~C/YXBwaWQ9eXNwb3J0cztjaD0yMzM2O2NyPTE7Y3c9MTc5MDtkeD04NTc7ZHk9MDtmaT11bGNyb3A7aD02MDtxPTEwMDt3PTQ2/https://s.yimg.com/xe/i/us/sp/v/nfl_cutout/players_l/08112023/34344.png"
"423.p.100002","","Buffalo","423.l.1132339.t.2","Country Roads Take Mahomes","Available","","DEF","DEF","https://s.yimg.com/lq/i/us/sp/v/nfl/teams/1/50x50w/buf.gif"
"423.p.31838","Jones","Daniel","423.l.1132339.t.3","brian schiel's Unreal Team","Injured","IR - Knee - ACL","QB","QB,IR","https://s.yimg.com/iu/api/res/1.2/66xRPyS3stjD5pTnbmXKOw--~C/YXBwaWQ9eXNwb3J0cztjaD0yMzM2O2NyPTE7Y3c9MTc5MDtkeD04NTc7ZHk9MDtmaT11bGNyb3A7aD02MDtxPTEwMDt3PTQ2/https://s.yimg.com/xe/i/us/sp/v/nfl_cutout/players_l/08222023/31838.1.png"
"423.p.28534","Diggs","Stefon","423.l.1132339.t.3","brian schiel's Unreal Team","Available","","WR","WR,W/R/T","https://s.yimg.com/iu/api/res/1.2/80tJkiyYc0vrrvUjfh2auw--~C/YXBwaWQ9eXNwb3J0cztjaD0yMzM2O2NyPTE7Y3c9MTc5MDtkeD04NTc7ZHk9MDtmaT11bGNyb3A7aD02MDtxPTEwMDt3PTQ2/https://s.yimg.com/xe/i/us/sp/v/nfl_cutout/players_l/10012020/28534.1.png"
"423.p.32687","Lamb","CeeDee","423.l.1132339.t.3","brian schiel's Unreal Team","Available","","WR","WR,W/R/T","https://s.yimg.com/iu/api/res/1.2/xVhLqSZkWhNg6caGkIJJyg--~C/YXBwaWQ9eXNwb3J0cztjaD0yMzM2O2NyPTE7Y3c9MTc5MDtkeD04NTc7ZHk9MDtmaT11bGNyb3A7aD02MDtxPTEwMDt3PTQ2/https://s.yimg.com/xe/i/us/sp/v/nfl_cutout/players_l/08282023/32687.png"
"423.p.30161","Mixon","Joe","423.l.1132339.t.3","brian schiel's Unreal Team","Available","","RB","RB,W/R/T","https://s.yimg.com/iu/api/res/1.2/cfdDhOMZqqmueQVTfSZszQ--~C/YXBwaWQ9eXNwb3J0cztjaD0yMzM2O2NyPTE7Y3c9MTc5MDtkeD04NTc7ZHk9MDtmaT11bGNyb3A7aD02MDtxPTEwMDt3PTQ2/https://s.yimg.com/xe/i/us/sp/v/nfl_cutout/players_l/08242023/30161.png"
"423.p.33412","Harris","Najee","423.l.1132339.t.3","brian schiel's Unreal Team","Questionable","Q - Knee","RB","RB,W/R/T","https://s.yimg.com/iu/api/res/1.2/nqgq3LwzCSB0fNXbifcOdw--~C/YXBwaWQ9eXNwb3J0cztjaD0yMzM2O2NyPTE7Y3c9MTc5MDtkeD04NTc7ZHk9MDtmaT11bGNyb3A7aD02MDtxPTEwMDt3PTQ2/https://s.yimg.com/xe/i/us/sp/v/nfl_cutout/players_l/08212023/33412.png"
"423.p.33392","Pitts","Kyle","423.l.1132339.t.3","brian schiel's Unreal Team","Available","","TE","TE,W/R/T","https://s.yimg.com/iu/api/res/1.2/BC1BsplljGiibbXxWdqu5Q--~C/YXBwaWQ9eXNwb3J0cztjaD0yMzM2O2NyPTE7Y3c9MTc5MDtkeD04NTc7ZHk9MDtmaT11bGNyb3A7aD02MDtxPTEwMDt3PTQ2/https://s.yimg.com/xe/i/us/sp/v/nfl_cutout/players_l/08212023/33392.png"
"423.p.28392","Cooper","Amari","423.l.1132339.t.3","brian schiel's Unreal Team","Questionable","Q - Concussion","W/R/T","WR,W/R/T","https://s.yimg.com/iu/api/res/1.2/3d30xZgFowL68QHTWp26QA--~C/YXBwaWQ9eXNwb3J0cztjaD0yMzM2O2NyPTE7Y3c9MTc5MDtkeD04NTc7ZHk9MDtmaT11bGNyb3A7aD02MDtxPTEwMDt3PTQ2/https://s.yimg.com/xe/i/us/sp/v/nfl_cutout/players_l/08252023/28392.png"
"423.p.27535","Evans","Mike","423.l.1132339.t.3","brian schiel's Unreal Team","Available","","BN","WR,W/R/T","https://s.yimg.com/iu/api/res/1.2/.7Fzudy9HGhlMQCxWxBAEg--~C/YXBwaWQ9eXNwb3J0cztjaD0yMzM2O2NyPTE7Y3c9MTc5MDtkeD04NTc7ZHk9MDtmaT11bGNyb3A7aD02MDtxPTEwMDt3PTQ2/https://s.yimg.com/xe/i/us/sp/v/nfl_cutout/players_l/08182023/27535.png"
"423.p.31857","Brown","Marquise","423.l.1132339.t.3","brian schiel's Unreal Team","Questionable","Q - Heel","BN","WR,W/R/T","https://s.yimg.com/iu/api/res/1.2/dLg3QrvdF.pQgzWSnNbogQ--~C/YXBwaWQ9eXNwb3J0cztjaD0yMzM2O2NyPTE7Y3c9MTc5MDtkeD04NTc7ZHk9MDtmaT11bGNyb3A7aD02MDtxPTEwMDt3PTQ2/https://s.yimg.com/xe/i/us/sp/v/nfl_cutout/players_l/08212023/31857.png"
"423.p.30247","Williams","Jamaal","423.l.1132339.t.3","brian schiel's Unreal Team","Available","","BN","RB,W/R/T","https://s.yimg.com/iu/api/res/1.2/NIDjtpLVqfsxwMAUB.yA9Q--~C/YXBwaWQ9eXNwb3J0cztjaD0yMzM2O2NyPTE7Y3c9MTc5MDtkeD04NTc7ZHk9MDtmaT11bGNyb3A7aD02MDtxPTEwMDt3PTQ2/https://s.yimg.com/xe/i/us/sp/v/nfl_cutout/players_l/08082023/30247.png"
"423.p.26662","Smith","Geno","423.l.1132339.t.3","brian schiel's Unreal Team","Available","","BN","QB","https://s.yimg.com/iu/api/res/1.2/E9txpiDl4SjiijhfG_larA--~C/YXBwaWQ9eXNwb3J0cztjaD0yMzM2O2NyPTE7Y3c9MTc5MDtkeD04NTc7ZHk9MDtmaT11bGNyb3A7aD02MDtxPTEwMDt3PTQ2/https://s.yimg.com/xe/i/us/sp/v/nfl_cutout/players_l/07252023/26662.png"
"423.p.34099","Okonkwo","Chigoziem","423.l.1132339.t.3","brian schiel's Unreal Team","Available","","BN","TE,W/R/T","https://s.yimg.com/iu/api/res/1.2/z1ewVYYo3Z1FwmvkoQnSww--~C/YXBwaWQ9eXNwb3J0cztjaD0yMzM2O2NyPTE7Y3c9MTc5MDtkeD04NTc7ZHk9MDtmaT11bGNyb3A7aD02MDtxPTEwMDt3PTQ2/https://s.yimg.com/xe/i/us/sp/v/nfl_cutout/players_l/08182023/34099.png"
"423.p.31137","Carlson","Daniel","423.l.1132339.t.3","brian schiel's Unreal Team","Available","","K","K","https://s.yimg.com/iu/api/res/1.2/.a2HOxtmqRtFuKC_nfPFzw--~C/YXBwaWQ9eXNwb3J0cztjaD0yMzM2O2NyPTE7Y3c9MTc5MDtkeD04NTc7ZHk9MDtmaT11bGNyb3A7aD02MDtxPTEwMDt3PTQ2/https://s.yimg.com/xe/i/us/sp/v/nfl_cutout/players_l/08292023/31137.png"
"423.p.100006","","Dallas","423.l.1132339.t.3","brian schiel's Unreal Team","Available","","DEF","DEF","https://s.yimg.com/cv/apiv2/default/nfl/20200908/50x50/cr/cowboys.png"
"423.p.100015","","Miami","423.l.1132339.t.3","brian schiel's Unreal Team","Available","","BN","DEF","https://s.yimg.com/xe/ipt/50x50w.5.gif"
"423.p.32675","Tagovailoa","Tua","423.l.1132339.t.4","Reg Dunlop's Rad Team","Available","","QB","QB","https://s.yimg.com/iu/api/res/1.2/S0TI9tF0kmgmb5qpOEbV8w--~C/YXBwaWQ9eXNwb3J0cztjaD0yMzM2O2NyPTE7Y3c9MTc5MDtkeD04NTc7ZHk9MDtmaT11bGNyb3A7aD02MDtxPTEwMDt3PTQ2/https://s.yimg.com/xe/i/us/sp/v/nfl_cutout/players_l/09092022/32675.png"
"423.p.32695","Aiyuk","Brandon","423.l.1132339.t.4","Reg Dunlop's Rad Team","Available","","WR","WR,W/R/T","https://s.yimg.com/iu/api/res/1.2/o4KGP6l_rQt9ItNDq9QB5g--~C/YXBwaWQ9eXNwb3J0cztjaD0yMzM2O2NyPTE7Y3c9MTc5MDtkeD04NTc7ZHk9MDtmaT11bGNyb3A7aD02MDtxPTEwMDt3PTQ2/https://s.yimg.com/xe/i/us/sp/v/nfl_cutout/players_l/08212023/32695.png"
"423.p.30996","Ridley","Calvin","423.l.1132339.t.4","Reg Dunlop's Rad Team","Available","","WR","WR,W/R/T","https://s.yimg.com/iu/api/res/1.2/YiOVcPN_6AWTwPob4gWpRg--~C/YXBwaWQ9eXNwb3J0cztjaD0yMzM2O2NyPTE7Y3c9MTc5MDtkeD04NTc7ZHk9MDtmaT11bGNyb3A7aD02MDtxPTEwMDt3PTQ2/https://s.yimg.com/xe/i/us/sp/v/nfl_cutout/players_l/12072022/30996.png"
"423.p.30423","Ekeler","Austin","423.l.1132339.t.4","Reg Dunlop's Rad Team","Available","","RB","RB,W/R/T","https://s.yimg.com/iu/api/res/1.2/E9JI95beWmp2p9zU7ulSLg--~C/YXBwaWQ9eXNwb3J0cztjaD0yMzM2O2NyPTE7Y3c9MTc5MDtkeD04NTc7ZHk9MDtmaT11bGNyb3A7aD02MDtxPTEwMDt3PTQ2/https://s.yimg.com/xe/i/us/sp/v/nfl_cutout/players_l/08282023/30423.png"
"423.p.30972","Barkley","Saquon","423.l.1132339.t.4","Reg Dunlop's Rad Team","Available","","RB","RB,W/R/T","https://s.yimg.com/iu/api/res/1.2/mfHTfkJ107RvBncwqjnr9A--~C/YXBwaWQ9eXNwb3J0cztjaD0yMzM2O2NyPTE7Y3c9MTc5MDtkeD04NTc7ZHk9MDtmaT11bGNyb3A7aD02MDtxPTEwMDt3PTQ2/https://s.yimg.com/xe/i/us/sp/v/nfl_cutout/players_l/09102022/30972.1.png"
"423.p.40064","LaPorta","Sam","423.l.1132339.t.4","Reg Dunlop's Rad Team","Available","","TE","TE,W/R/T","https://s.yimg.com/iu/api/res/1.2/5WaVtIUu5epiyN4sFIDNqw--~C/YXBwaWQ9eXNwb3J0cztjaD0yMzM2O2NyPTE7Y3c9MTc5MDtkeD04NTc7ZHk9MDtmaT11bGNyb3A7aD02MDtxPTEwMDt3PTQ2/https://s.yimg.com/xe/i/us/sp/v/nfl_cutout/players_l/08112023/40064.png"
"423.p.32703","Higgins","Tee","423.l.1132339.t.4","Reg Dunlop's Rad Team","Available","","W/R/T","WR,W/R/T","https://s.yimg.com/iu/api/res/1.2/Y9jo_hK_xdTHeqMSGGSObQ--~C/YXBwaWQ9eXNwb3J0cztjaD0yMzM2O2NyPTE7Y3c9MTc5MDtkeD04NTc7ZHk9MDtmaT11bGNyb3A7aD02MDtxPTEwMDt3PTQ2/https://s.yimg.com/xe/i/us/sp/v/nfl_cutout/players_l/08242023/32703.png"
"423.p.31010","Sutton","Courtland","423.l.1132339.t.4","Reg Dunlop's Rad Team","Available","","BN","WR,W/R/T","https://s.yimg.com/iu/api/res/1.2/OC_ehE9U5qd6L_XRQbdg0g--~C/YXBwaWQ9eXNwb3J0cztjaD0yMzM2O2NyPTE7Y3c9MTc5MDtkeD04NTc7ZHk9MDtmaT11bGNyb3A7aD02MDtxPTEwMDt3PTQ2/https://s.yimg.com/xe/i/us/sp/v/nfl_cutout/players_l/08292023/31010.png"
"423.p.34112","Ford","Jerome","423.l.1132339.t.4","Reg Dunlop's Rad Team","Available","","BN","RB,W/R/T","https://s.yimg.com/iu/api/res/1.2/r7SIy6Bq5rr16ZN_Cy5GPg--~C/YXBwaWQ9eXNwb3J0cztjaD0yMzM2O2NyPTE7Y3c9MTc5MDtkeD04NTc7ZHk9MDtmaT11bGNyb3A7aD02MDtxPTEwMDt3PTQ2/https://s.yimg.com/xe/i/us/sp/v/nfl_cutout/players_l/08252023/34112.png"
"423.p.31019","Goedert","Dallas","423.l.1132339.t.4","Reg Dunlop's Rad Team","Available","","BN","TE,W/R/T","https://s.yimg.com/iu/api/res/1.2/2EigEb4xahJnP3QtYDZg2w--~C/YXBwaWQ9eXNwb3J0cztjaD0yMzM2O2NyPTE7Y3c9MTc5MDtkeD04NTc7ZHk9MDtmaT11bGNyb3A7aD02MDtxPTEwMDt3PTQ2/https://s.yimg.com/xe/i/us/sp/v/nfl_cutout/players_l/09052022/31019.png"
"423.p.32711","Taylor","Jonathan","423.l.1132339.t.4","Reg Dunlop's Rad Team","Out","O - Thumb","BN","RB,W/R/T,IR","https://s.yimg.com/iu/api/res/1.2/8ejLdbXywFaqdmY1Tz_XwA--~C/YXBwaWQ9eXNwb3J0cztjaD0yMzM2O2NyPTE7Y3c9MTc5MDtkeD04NTc7ZHk9MDtmaT11bGNyb3A7aD02MDtxPTEwMDt3PTQ2/https://s.yimg.com/xe/i/us/sp/v/nfl_cutout/players_l/09042023/32711.png"
"423.p.34218","Purdy","Brock","423.l.1132339.t.4","Reg Dunlop's Rad Team","Available","","BN","QB","https://s.yimg.com/iu/api/res/1.2/5Eu4ilnpA5D4pdAsCsYr_Q--~C/YXBwaWQ9eXNwb3J0cztjaD0yMzM2O2NyPTE7Y3c9MTc5MDtkeD04NTc7ZHk9MDtmaT11bGNyb3A7aD02MDtxPTEwMDt3PTQ2/https://s.yimg.com/xe/i/us/sp/v/nfl_cutout/players_l/08212023/34218.png"
"423.p.27120","McManus","Brandon","423.l.1132339.t.4","Reg Dunlop's Rad Team","Available","","K","K","https://s.yimg.com/iu/api/res/1.2/kF7jETKbXLdyVqaC6tBCwg--~C/YXBwaWQ9eXNwb3J0cztjaD0yMzM2O2NyPTE7Y3c9MTc5MDtkeD04NTc7ZHk9MDtmaT11bGNyb3A7aD02MDtxPTEwMDt3PTQ2/https://s.yimg.com/xe/i/us/sp/v/nfl_cutout/players_l/10042023/27120.png"
"423.p.100025","","San Francisco","423.l.1132339.t.4","Reg Dunlop's Rad Team","Available","","DEF","DEF","https://s.yimg.com/lq/i/us/sp/v/nfl/teams/1/50x50w/sfo.gif"
"423.p.100024","","Los Angeles","423.l.1132339.t.4","Reg Dunlop's Rad Team","Available","","BN","DEF","https://s.yimg.com/lq/i/us/sp/v/nfl/teams/1/50x50w/sdg3.jpg"
"423.p.30977","Allen","Josh","423.l.1132339.t.5","Soup's Stars","Available","","QB","QB","https://s.yimg.com/iu/api/res/1.2/6VhAICLv_vwfdE0GMBkhgg--~C/YXBwaWQ9eXNwb3J0cztjaD0yMzM2O2NyPTE7Y3c9MTc5MDtkeD04NTc7ZHk9MDtmaT11bGNyb3A7aD02MDtxPTEwMDt3PTQ2/https://s.yimg.com/xe/i/us/sp/v/nfl_cutout/players_l/08222023/30977.png"
"423.p.33393","Chase","Ja'Marr","423.l.1132339.t.5","Soup's Stars","Available","","WR","WR,W/R/T","https://s.yimg.com/iu/api/res/1.2/2hPjVlCv_jfNk4EiRrVsXw--~C/YXBwaWQ9eXNwb3J0cztjaD0yMzM2O2NyPTE7Y3c9MTc5MDtkeD04NTc7ZHk9MDtmaT11bGNyb3A7aD02MDtxPTEwMDt3PTQ2/https://s.yimg.com/xe/i/us/sp/v/nfl_cutout/players_l/08242023/33393.png"
"423.p.31868","Samuel","Deebo","423.l.1132339.t.5","Soup's Stars","Available","","WR","WR,W/R/T","https://s.yimg.com/iu/api/res/1.2/r732bfmrBbvxWtLMTRObGg--~C/YXBwaWQ9eXNwb3J0cztjaD0yMzM2O2NyPTE7Y3c9MTc5MDtkeD04NTc7ZHk9MDtmaT11bGNyb3A7aD02MDtxPTEwMDt3PTQ2/https://s.yimg.com/xe/i/us/sp/v/nfl_cutout/players_l/08212023/31868.png"
"423.p.34207","Pacheco","Isiah","423.l.1132339.t.5","Soup's Stars","Questionable","Q - Shoulder","RB","RB,W/R/T","https://s.yimg.com/iu/api/res/1.2/29arnIH.K5qTygOBl31X2w--~C/YXBwaWQ9eXNwb3J0cztjaD0yMzM2O2NyPTE7Y3c9MTc5MDtkeD04NTc7ZHk9MDtmaT11bGNyb3A7aD02MDtxPTEwMDt3PTQ2/https://s.yimg.com/xe/i/us/sp/v/nfl_cutout/players_l/08302023/34207.png"
"423.p.33423","Williams","Javonte","423.l.1132339.t.5","Soup's Stars","Available","","RB","RB,W/R/T","https://s.yimg.com/iu/api/res/1.2/cUsIjw4OjCRRosOhv9hvyA--~C/YXBwaWQ9eXNwb3J0cztjaD0yMzM2O2NyPTE7Y3c9MTc5MDtkeD04NTc7ZHk9MDtmaT11bGNyb3A7aD02MDtxPTEwMDt3PTQ2/https://s.yimg.com/xe/i/us/sp/v/nfl_cutout/players_l/08292023/33423.png"
"423.p.31840","Hockenson","T.J.","423.l.1132339.t.5","Soup's Stars","Available","","TE","TE,W/R/T","https://s.yimg.com/iu/api/res/1.2/gDcUMhQ1yyyobQf7E8QcxA--~C/YXBwaWQ9eXNwb3J0cztjaD0yMzM2O2NyPTE7Y3c9MTc5MDtkeD04NTc7ZHk9MDtmaT11bGNyb3A7aD02MDtxPTEwMDt3PTQ2/https://s.yimg.com/xe/i/us/sp/v/nfl_cutout/players_l/08092023/31840.png"
"423.p.31856","Jacobs","Josh","423.l.1132339.t.5","Soup's Stars","Available","","W/R/T","RB,W/R/T","https://s.yimg.com/iu/api/res/1.2/6q.PFWRMhuvredK21Mel5Q--~C/YXBwaWQ9eXNwb3J0cztjaD0yMzM2O2NyPTE7Y3c9MTc5MDtkeD04NTc7ZHk9MDtmaT11bGNyb3A7aD02MDtxPTEwMDt3PTQ2/https://s.yimg.com/xe/i/us/sp/v/nfl_cutout/players_l/09092022/31856.png"
"423.p.32756","Moss","Zack","423.l.1132339.t.5","Soup's Stars","Available","","BN","RB,W/R/T","https://s.yimg.com/iu/api/res/1.2/WxwF7udgeEEeuQ0Wdmo85w--~C/YXBwaWQ9eXNwb3J0cztjaD0yMzM2O2NyPTE7Y3c9MTc5MDtkeD04NTc7ZHk9MDtmaT11bGNyb3A7aD02MDtxPTEwMDt3PTQ2/https://s.yimg.com/xe/i/us/sp/v/nfl_cutout/players_l/08172023/32756.png"
"423.p.33443","Freiermuth","Pat","423.l.1132339.t.5","Soup's Stars","Available","","BN","TE,W/R/T","https://s.yimg.com/iu/api/res/1.2/m.z4QUuzYkPzuHSZ5ptzzg--~C/YXBwaWQ9eXNwb3J0cztjaD0yMzM2O2NyPTE7Y3c9MTc5MDtkeD04NTc7ZHk9MDtmaT11bGNyb3A7aD02MDtxPTEwMDt3PTQ2/https://s.yimg.com/xe/i/us/sp/v/nfl_cutout/players_l/08212023/33443.png"
"423.p.32705","Swift","D'Andre","423.l.1132339.t.5","Soup's Stars","Available","","BN","RB,W/R/T","https://s.yimg.com/iu/api/res/1.2/MKPJLDRXqjHsT2XLdZ0aJg--~C/YXBwaWQ9eXNwb3J0cztjaD0yMzM2O2NyPTE7Y3c9MTc5MDtkeD04NTc7ZHk9MDtmaT11bGNyb3A7aD02MDtxPTEwMDt3PTQ2/https://s.yimg.com/xe/i/us/sp/v/nfl_cutout/players_l/08042023/32705.png"
"423.p.40084","Rice","Rashee","423.l.1132339.t.5","Soup's Stars","Available","","BN","WR,W/R/T","https://s.yimg.com/iu/api/res/1.2/tFTo9qKN7n8ZR0bOhOqalw--~C/YXBwaWQ9eXNwb3J0cztjaD0yMzM2O2NyPTE7Y3c9MTc5MDtkeD04NTc7ZHk9MDtmaT11bGNyb3A7aD02MDtxPTEwMDt3PTQ2/https://s.yimg.com/xe/i/us/sp/v/nfl_cutout/players_l/08152023/40084.png"
"423.p.33537","McPherson","Evan","423.l.1132339.t.5","Soup's Stars","Available","","K","K","https://s.yimg.com/iu/api/res/1.2/5F72_yCNrcOz4tF_AkR6Kg--~C/YXBwaWQ9eXNwb3J0cztjaD0yMzM2O2NyPTE7Y3c9MTc5MDtkeD04NTc7ZHk9MDtmaT11bGNyb3A7aD02MDtxPTEwMDt3PTQ2/https://s.yimg.com/xe/i/us/sp/v/nfl_cutout/players_l/08242023/33537.png"
"423.p.100023","","Pittsburgh","423.l.1132339.t.5","Soup's Stars","Available","","DEF","DEF","https://s.yimg.com/lq/i/us/sp/v/nfl/teams/1/50x50w/pit.gif"
"423.p.100020","","New York","423.l.1132339.t.5","Soup's Stars","Available","","BN","DEF","https://s.yimg.com/lq/i/us/sp/v/nfl/teams/1/50x50w/nyj.gif"
"423.p.100009","","Green Bay","423.l.1132339.t.5","Soup's Stars","Available","","BN","DEF","https://s.yimg.com/lq/i/us/sp/v/nfl/teams/1/50x50w/gnb.gif"
"423.p.29369","Prescott","Dak","423.l.1132339.t.6","SuperRaiders 88","Available","","QB","QB","https://s.yimg.com/iu/api/res/1.2/A.hq1nJ1alC0oWMJnBGbpA--~C/YXBwaWQ9eXNwb3J0cztjaD0yMzM2O2NyPTE7Y3c9MTc5MDtkeD04NTc7ZHk9MDtmaT11bGNyb3A7aD02MDtxPTEwMDt3PTQ2/https://s.yimg.com/xe/i/us/sp/v/nfl_cutout/players_l/08282023/29369.png"
"423.p.29399","Hill","Tyreek","423.l.1132339.t.6","SuperRaiders 88","Questionable","Q - Ankle","WR","WR,W/R/T","https://s.yimg.com/iu/api/res/1.2/IziJ.2wiZw0IpFOiD2kLsg--~C/YXBwaWQ9eXNwb3J0cztjaD0yMzM2O2NyPTE7Y3c9MTc5MDtkeD04NTc7ZHk9MDtmaT11bGNyb3A7aD02MDtxPTEwMDt3PTQ2/https://s.yimg.com/xe/i/us/sp/v/nfl_cutout/players_l/09092022/29399.png"
"423.p.27277","Thielen","Adam","423.l.1132339.t.6","SuperRaiders 88","Available","","WR","WR,W/R/T","https://s.yimg.com/iu/api/res/1.2/eB_EQ1lpxyq3QGcTGyk1mQ--~C/YXBwaWQ9eXNwb3J0cztjaD0yMzM2O2NyPTE7Y3c9MTc5MDtkeD04NTc7ZHk9MDtmaT11bGNyb3A7aD02MDtxPTEwMDt3PTQ2/https://s.yimg.com/xe/i/us/sp/v/nfl_cutout/players_l/07272023/27277.png"
"423.p.31960","Pollard","Tony","423.l.1132339.t.6","SuperRaiders 88","Available","","RB","RB,W/R/T","https://s.yimg.com/iu/api/res/1.2/Va7ndYHFZKF8UzZ.mFwivg--~C/YXBwaWQ9eXNwb3J0cztjaD0yMzM2O2NyPTE7Y3c9MTc5MDtkeD04NTc7ZHk9MDtmaT11bGNyb3A7aD02MDtxPTEwMDt3PTQ2/https://s.yimg.com/xe/i/us/sp/v/nfl_cutout/players_l/08282023/31960.png"
"423.p.33413","Etienne Jr.","Travis","423.l.1132339.t.6","SuperRaiders 88","Questionable","Q - Ribs","RB","RB,W/R/T","https://s.yimg.com/iu/api/res/1.2/rk88YSdu8rdsYORayBuXGA--~C/YXBwaWQ9eXNwb3J0cztjaD0yMzM2O2NyPTE7Y3c9MTc5MDtkeD04NTc7ZHk9MDtmaT11bGNyb3A7aD02MDtxPTEwMDt3PTQ2/https://s.yimg.com/xe/i/us/sp/v/nfl_cutout/players_l/08312023/33413.png"
"423.p.30259","Kittle","George","423.l.1132339.t.6","SuperRaiders 88","Available","","TE","TE,W/R/T","https://s.yimg.com/iu/api/res/1.2/qMRMOam0S6BlHMtcGHgyfA--~C/YXBwaWQ9eXNwb3J0cztjaD0yMzM2O2NyPTE7Y3c9MTc5MDtkeD04NTc7ZHk9MDtmaT11bGNyb3A7aD02MDtxPTEwMDt3PTQ2/https://s.yimg.com/xe/i/us/sp/v/nfl_cutout/players_l/08212023/30259.png"
"423.p.31896","Metcalf","DK","423.l.1132339.t.6","SuperRaiders 88","Available","","W/R/T","WR,W/R/T","https://s.yimg.com/iu/api/res/1.2/fQ3vz6SwKcRb0sOGr6xjUA--~C/YXBwaWQ9eXNwb3J0cztjaD0yMzM2O2NyPTE7Y3c9MTc5MDtkeD04NTc7ZHk9MDtmaT11bGNyb3A7aD02MDtxPTEwMDt3PTQ2/https://s.yimg.com/xe/i/us/sp/v/nfl_cutout/players_l/07252023/31896.png"
"423.p.34054","Robinson","Brian","423.l.1132339.t.6","SuperRaiders 88","Questionable","Q - Hamstring","BN","RB,W/R/T","https://s.yimg.com/iu/api/res/1.2/Ryadq.naQHcX5OZnqTXSZQ--~C/YXBwaWQ9eXNwb3J0cztjaD0yMzM2O2NyPTE7Y3c9MTc5MDtkeD04NTc7ZHk9MDtmaT11bGNyb3A7aD02MDtxPTEwMDt3PTQ2/https://s.yimg.com/xe/i/us/sp/v/nfl_cutout/players_l/08172023/34054.png"
"423.p.28457","Lockett","Tyler","423.l.1132339.t.6","SuperRaiders 88","Available","","BN","WR,W/R/T","https://s.yimg.com/iu/api/res/1.2/NYan.iJFfM0a3h1aJ_Qb.w--~C/YXBwaWQ9eXNwb3J0cztjaD0yMzM2O2NyPTE7Y3c9MTc5MDtkeD04NTc7ZHk9MDtmaT11bGNyb3A7aD02MDtxPTEwMDt3PTQ2/https://s.yimg.com/xe/i/us/sp/v/nfl_cutout/players_l/07252023/28457.png"
"423.p.29288","Boyd","Tyler","423.l.1132339.t.6","SuperRaiders 88","Questionable","Q - Ankle","BN","WR,W/R/T","https://s.yimg.com/iu/api/res/1.2/WEVgpvjXoeJT_1_p5Ta4EQ--~C/YXBwaWQ9eXNwb3J0cztjaD0yMzM2O2NyPTE7Y3c9MTc5MDtkeD04NTc7ZHk9MDtmaT11bGNyb3A7aD02MDtxPTEwMDt3PTQ2/https://s.yimg.com/xe/i/us/sp/v/nfl_cutout/players_l/08242023/29288.png"
"423.p.40119","Spears","Tyjae","423.l.1132339.t.6","SuperRaiders 88","Available","","BN","RB,W/R/T","https://s.yimg.com/iu/api/res/1.2/yKDRzFMx5JDIPNITeziM6A--~C/YXBwaWQ9eXNwb3J0cztjaD0yMzM2O2NyPTE7Y3c9MTc5MDtkeD04NTc7ZHk9MDtmaT11bGNyb3A7aD02MDtxPTEwMDt3PTQ2/https://s.yimg.com/xe/i/us/sp/v/nfl_cutout/players_l/07282023/40119.png"
"423.p.34659","Shaheed","Rashid","423.l.1132339.t.6","SuperRaiders 88","Questionable","Q - Thigh","BN","WR,W/R/T","https://s.yimg.com/iu/api/res/1.2/z9YF5FqG_LUfaRgFuOlI2w--~C/YXBwaWQ9eXNwb3J0cztjaD0yMzM2O2NyPTE7Y3c9MTc5MDtkeD04NTc7ZHk9MDtmaT11bGNyb3A7aD02MDtxPTEwMDt3PTQ2/https://s.yimg.com/xe/i/us/sp/v/nfl_cutout/players_l/08232023/34659.png"
"423.p.30346","Butker","Harrison","423.l.1132339.t.6","SuperRaiders 88","Available","","K","K","https://s.yimg.com/iu/api/res/1.2/7n4APSbP6JWbE.VR9JNYog--~C/YXBwaWQ9eXNwb3J0cztjaD0yMzM2O2NyPTE7Y3c9MTc5MDtkeD04NTc7ZHk9MDtmaT11bGNyb3A7aD02MDtxPTEwMDt3PTQ2/https://s.yimg.com/xe/i/us/sp/v/nfl_cutout/players_l/08302023/30346.png"
"423.p.100034","","Houston","423.l.1132339.t.6","SuperRaiders 88","Available","","DEF","DEF","https://s.yimg.com/lq/i/us/sp/v/nfl/teams/1/50x50w/hou.gif"
"423.p.100021","","Philadelphia","423.l.1132339.t.6","SuperRaiders 88","Available","","BN","DEF","https://s.yimg.com/lq/i/us/sp/v/nfl/teams/1/50x50w/phi.gif"
"423.p.33389","Lawrence","Trevor","423.l.1132339.t.7","Alan P.'s Wonderful Team","Questionable","Q - Ankle","QB","QB","https://s.yimg.com/iu/api/res/1.2/kytzh93UrKBHXAQUHnFZXQ--~C/YXBwaWQ9eXNwb3J0cztjaD0yMzM2O2NyPTE7Y3c9MTc5MDtkeD04NTc7ZHk9MDtmaT11bGNyb3A7aD02MDtxPTEwMDt3PTQ2/https://s.yimg.com/xe/i/us/sp/v/nfl_cutout/players_l/08312023/33389.png"
"423.p.26699","Allen","Keenan","423.l.1132339.t.7","Alan P.'s Wonderful Team","Available","","WR","WR,W/R/T","https://s.yimg.com/iu/api/res/1.2/h0k_jfHMfhVjC2Fut8YgTw--~C/YXBwaWQ9eXNwb3J0cztjaD0yMzM2O2NyPTE7Y3c9MTc5MDtkeD04NTc7ZHk9MDtmaT11bGNyb3A7aD02MDtxPTEwMDt3PTQ2/https://s.yimg.com/xe/i/us/sp/v/nfl_cutout/players_l/08282023/26699.1.png"
"423.p.31883","Brown","A.J.","423.l.1132339.t.7","Alan P.'s Wonderful Team","Available","","WR","WR,W/R/T","https://s.yimg.com/iu/api/res/1.2/oKH5BomT_3KPruh3XO6L.A--~C/YXBwaWQ9eXNwb3J0cztjaD0yMzM2O2NyPTE7Y3c9MTc5MDtkeD04NTc7ZHk9MDtmaT11bGNyb3A7aD02MDtxPTEwMDt3PTQ2/https://s.yimg.com/xe/i/us/sp/v/nfl_cutout/players_l/08222023/31883.png"
"423.p.34047","White","Rachaad","423.l.1132339.t.7","Alan P.'s Wonderful Team","Available","","RB","RB,W/R/T","https://s.yimg.com/iu/api/res/1.2/WwOHaEZZDPASCr3MR7iLEw--~C/YXBwaWQ9eXNwb3J0cztjaD0yMzM2O2NyPTE7Y3c9MTc5MDtkeD04NTc7ZHk9MDtmaT11bGNyb3A7aD02MDtxPTEwMDt3PTQ2/https://s.yimg.com/xe/i/us/sp/v/nfl_cutout/players_l/08182023/34047.png"
"423.p.31905","Montgomery","David","423.l.1132339.t.7","Alan P.'s Wonderful Team","Available","","RB","RB,W/R/T","https://s.yimg.com/iu/api/res/1.2/wRdrI7HtYiZfB8U243TfhQ--~C/YXBwaWQ9eXNwb3J0cztjaD0yMzM2O2NyPTE7Y3c9MTc5MDtkeD04NTc7ZHk9MDtmaT11bGNyb3A7aD02MDtxPTEwMDt3PTQ2/https://s.yimg.com/xe/i/us/sp/v/nfl_cutout/players_l/08112023/31905.png"
"423.p.31107","Schultz","Dalton","423.l.1132339.t.7","Alan P.'s Wonderful Team","Questionable","Q - Hamstring","TE","TE,W/R/T","https://s.yimg.com/iu/api/res/1.2/GRXFaVf55AiYPAIq7QSSSw--~C/YXBwaWQ9eXNwb3J0cztjaD0yMzM2O2NyPTE7Y3c9MTc5MDtkeD04NTc7ZHk9MDtmaT11bGNyb3A7aD02MDtxPTEwMDt3PTQ2/https://s.yimg.com/xe/i/us/sp/v/nfl_cutout/players_l/10242023/31107.png"
"423.p.34120","Williams","Kyren","423.l.1132339.t.7","Alan P.'s Wonderful Team","Available","","W/R/T","RB,W/R/T","https://s.yimg.com/iu/api/res/1.2/Lj0ShQWk.ilrquMgP.qf9w--~C/YXBwaWQ9eXNwb3J0cztjaD0yMzM2O2NyPTE7Y3c9MTc5MDtkeD04NTc7ZHk9MDtmaT11bGNyb3A7aD02MDtxPTEwMDt3PTQ2/https://s.yimg.com/xe/i/us/sp/v/nfl_cutout/players_l/08252023/34120.png"
"423.p.40042","Addison","Jordan","423.l.1132339.t.7","Alan P.'s Wonderful Team","Available","","BN","WR,W/R/T","https://s.yimg.com/iu/api/res/1.2/vxRoirqjjdbEKhBkk2kNlw--~C/YXBwaWQ9eXNwb3J0cztjaD0yMzM2O2NyPTE7Y3c9MTc5MDtkeD04NTc7ZHk9MDtmaT11bGNyb3A7aD02MDtxPTEwMDt3PTQ2/https://s.yimg.com/xe/i/us/sp/v/nfl_cutout/players_l/08092023/40042.png"
"423.p.34447","Warren","Jaylen","423.l.1132339.t.7","Alan P.'s Wonderful Team","Available","","BN","RB,W/R/T","https://s.yimg.com/iu/api/res/1.2/_WtLXhDZpAlcTEE2EkJiCg--~C/YXBwaWQ9eXNwb3J0cztjaD0yMzM2O2NyPTE7Y3c9MTc5MDtkeD04NTc7ZHk9MDtmaT11bGNyb3A7aD02MDtxPTEwMDt3PTQ2/https://s.yimg.com/xe/i/us/sp/v/nfl_cutout/players_l/09062022/34447.png"
"423.p.33398","Smith","DeVonta","423.l.1132339.t.7","Alan P.'s Wonderful Team","Available","","BN","WR,W/R/T","https://s.yimg.com/iu/api/res/1.2/nAf2s_2VOuGx0Xts01zmDA--~C/YXBwaWQ9eXNwb3J0cztjaD0yMzM2O2NyPTE7Y3c9MTc5MDtkeD04NTc7ZHk9MDtmaT11bGNyb3A7aD02MDtxPTEwMDt3PTQ2/https://s.yimg.com/xe/i/us/sp/v/nfl_cutout/players_l/08222023/33398.png"
"423.p.33971","Dotson","Jahan","423.l.1132339.t.7","Alan P.'s Wonderful Team","Available","","BN","WR,W/R/T","https://s.yimg.com/iu/api/res/1.2/rY7UBr8dJhyBD2zKeDnkAQ--~C/YXBwaWQ9eXNwb3J0cztjaD0yMzM2O2NyPTE7Y3c9MTc5MDtkeD04NTc7ZHk9MDtmaT11bGNyb3A7aD02MDtxPTEwMDt3PTQ2/https://s.yimg.com/xe/i/us/sp/v/nfl_cutout/players_l/08172023/33971.png"
"423.p.40819","Aubrey","Brandon","423.l.1132339.t.7","Alan P.'s Wonderful Team","Available","","K","K","https://s.yimg.com/iu/api/res/1.2/oDo3u86LokUR7Cfzd9JNLg--~C/YXBwaWQ9eXNwb3J0cztjaD0yMzM2O2NyPTE7Y3c9MTc5MDtkeD04NTc7ZHk9MDtmaT11bGNyb3A7aD02MDtxPTEwMDt3PTQ2/https://s.yimg.com/xe/i/us/sp/v/nfl_cutout/players_l/09182023/40819.png"
"423.p.100030","","Jacksonville","423.l.1132339.t.7","Alan P.'s Wonderful Team","Available","","DEF","DEF","https://s.yimg.com/xe/ipt/50x50w.3.gif"
"423.p.100018","","New Orleans","423.l.1132339.t.7","Alan P.'s Wonderful Team","Available","","BN","DEF","https://s.yimg.com/lq/i/us/sp/v/nfl/teams/1/50x50w/nor.gif"
"423.p.100033","","Baltimore","423.l.1132339.t.7","Alan P.'s Wonderful Team","Available","","BN","DEF","https://s.yimg.com/lq/i/us/sp/v/nfl/teams/1/50x50w/bal_2.gif"
"423.p.31056","Andrews","Mark","423.l.1132339.t.7","Alan P.'s Wonderful Team","Injured","IR - Ankle","IR","TE,W/R/T,IR","https://s.yimg.com/iu/api/res/1.2/ZxeHewNVeZhU3NRWYHHHUg--~C/YXBwaWQ9eXNwb3J0cztjaD0yMzM2O2NyPTE7Y3c9MTc5MDtkeD04NTc7ZHk9MDtmaT11bGNyb3A7aD02MDtxPTEwMDt3PTQ2/https://s.yimg.com/xe/i/us/sp/v/nfl_cutout/players_l/08222023/31056.png"
"423.p.31002","Jackson","Lamar","423.l.1132339.t.8","Kid's Grand Team","Questionable","Q - Illness","QB","QB","https://s.yimg.com/iu/api/res/1.2/Ke6kf8immsC3Gu3yZXP8Vg--~C/YXBwaWQ9eXNwb3J0cztjaD0yMzM2O2NyPTE7Y3c9MTc5MDtkeD04NTc7ZHk9MDtmaT11bGNyb3A7aD02MDtxPTEwMDt3PTQ2/https://s.yimg.com/xe/i/us/sp/v/nfl_cutout/players_l/08222023/31002.png"
"423.p.33500","St. Brown","Amon-Ra","423.l.1132339.t.8","Kid's Grand Team","Available","","WR","WR,W/R/T","https://s.yimg.com/iu/api/res/1.2/CXirFBhtPAiGqvbgR6XBrw--~C/YXBwaWQ9eXNwb3J0cztjaD0yMzM2O2NyPTE7Y3c9MTc5MDtkeD04NTc7ZHk9MDtmaT11bGNyb3A7aD02MDtxPTEwMDt3PTQ2/https://s.yimg.com/xe/i/us/sp/v/nfl_cutout/players_l/08302023/33500.png"
"423.p.33394","Waddle","Jaylen","423.l.1132339.t.8","Kid's Grand Team","Available","","WR","WR,W/R/T","https://s.yimg.com/iu/api/res/1.2/u9ju2yuuzFP5zpi5qTSNFA--~C/YXBwaWQ9eXNwb3J0cztjaD0yMzM2O2NyPTE7Y3c9MTc5MDtkeD04NTc7ZHk9MDtmaT11bGNyb3A7aD02MDtxPTEwMDt3PTQ2/https://s.yimg.com/xe/i/us/sp/v/nfl_cutout/players_l/08252023/33394.png"
"423.p.30121","McCaffrey","Christian","423.l.1132339.t.8","Kid's Grand Team","Available","","RB","RB,W/R/T","https://s.yimg.com/iu/api/res/1.2/NMM4SpK6RcmQaRbcmxcRUA--~C/YXBwaWQ9eXNwb3J0cztjaD0yMzM2O2NyPTE7Y3c9MTc5MDtkeD04NTc7ZHk9MDtmaT11bGNyb3A7aD02MDtxPTEwMDt3PTQ2/https://s.yimg.com/xe/i/us/sp/v/nfl_cutout/players_l/07262023/30121.png"
"423.p.31906","Singletary","Devin","423.l.1132339.t.8","Kid's Grand Team","Available","","RB","RB,W/R/T","https://s.yimg.com/iu/api/res/1.2/LMpPye7SYD_pdMkNv1oQpQ--~C/YXBwaWQ9eXNwb3J0cztjaD0yMzM2O2NyPTE7Y3c9MTc5MDtkeD04NTc7ZHk9MDtmaT11bGNyb3A7aD02MDtxPTEwMDt3PTQ2/https://s.yimg.com/xe/i/us/sp/v/nfl_cutout/players_l/10242023/31906.png"
"423.p.30142","Njoku","David","423.l.1132339.t.8","Kid's Grand Team","Available","","TE","TE,W/R/T","https://s.yimg.com/iu/api/res/1.2/N2wB.vSZOxuoEgcezD5NLw--~C/YXBwaWQ9eXNwb3J0cztjaD0yMzM2O2NyPTE7Y3c9MTc5MDtkeD04NTc7ZHk9MDtmaT11bGNyb3A7aD02MDtxPTEwMDt3PTQ2/https://s.yimg.com/xe/i/us/sp/v/nfl_cutout/players_l/08252023/30142.png"
"423.p.31934","Mattison","Alexander","423.l.1132339.t.8","Kid's Grand Team","Available","","W/R/T","RB,W/R/T","https://s.yimg.com/iu/api/res/1.2/h.kDk77iCCt84lmPYj4vdA--~C/YXBwaWQ9eXNwb3J0cztjaD0yMzM2O2NyPTE7Y3c9MTc5MDtkeD04NTc7ZHk9MDtmaT11bGNyb3A7aD02MDtxPTEwMDt3PTQ2/https://s.yimg.com/xe/i/us/sp/v/nfl_cutout/players_l/08242023/31934.png"
"423.p.31908","McLaurin","Terry","423.l.1132339.t.8","Kid's Grand Team","Available","","BN","WR,W/R/T","https://s.yimg.com/iu/api/res/1.2/6ubX.FQD1vkEgx_QRp0BIQ--~C/YXBwaWQ9eXNwb3J0cztjaD0yMzM2O2NyPTE7Y3c9MTc5MDtkeD04NTc7ZHk9MDtmaT11bGNyb3A7aD02MDtxPTEwMDt3PTQ2/https://s.yimg.com/xe/i/us/sp/v/nfl_cutout/players_l/08172023/31908.png"
"423.p.30971","Mayfield","Baker","423.l.1132339.t.8","Kid's Grand Team","Available","","BN","QB","https://s.yimg.com/iu/api/res/1.2/EAjxqmkTiG_eTzrzg.7H6A--~C/YXBwaWQ9eXNwb3J0cztjaD0yMzM2O2NyPTE7Y3c9MTc5MDtkeD04NTc7ZHk9MDtmaT11bGNyb3A7aD02MDtxPTEwMDt3PTQ2/https://s.yimg.com/xe/i/us/sp/v/nfl_cutout/players_l/07272023/30971.png"
"423.p.31017","Kirk","Christian","423.l.1132339.t.8","Kid's Grand Team","Out","O - Groin","BN","WR,W/R/T,IR","https://s.yimg.com/iu/api/res/1.2/ogMTj3RhtFvF1YX2fEoWDg--~C/YXBwaWQ9eXNwb3J0cztjaD0yMzM2O2NyPTE7Y3c9MTc5MDtkeD04NTc7ZHk9MDtmaT11bGNyb3A7aD02MDtxPTEwMDt3PTQ2/https://s.yimg.com/xe/i/us/sp/v/nfl_cutout/players_l/08312023/31017.png"
"423.p.33963","London","Drake","423.l.1132339.t.8","Kid's Grand Team","Available","","BN","WR,W/R/T","https://s.yimg.com/iu/api/res/1.2/I2R4uFJcaejHiOMt_q6tIw--~C/YXBwaWQ9eXNwb3J0cztjaD0yMzM2O2NyPTE7Y3c9MTc5MDtkeD04NTc7ZHk9MDtmaT11bGNyb3A7aD02MDtxPTEwMDt3PTQ2/https://s.yimg.com/xe/i/us/sp/v/nfl_cutout/players_l/08192022/33963.png"
"423.p.30202","Foreman","D'Onta","423.l.1132339.t.8","Kid's Grand Team","Available","","BN","RB,W/R/T","https://s.yimg.com/iu/api/res/1.2/xwIHvz1F6dEQPoWawE5Vrg--~C/YXBwaWQ9eXNwb3J0cztjaD0yMzM2O2NyPTE7Y3c9MTc5MDtkeD04NTc7ZHk9MDtmaT11bGNyb3A7aD02MDtxPTEwMDt3PTQ2/https://s.yimg.com/xe/i/us/sp/v/nfl_cutout/players_l/08082023/30202.png"
"423.p.30199","Hunt","Kareem","423.l.1132339.t.8","Kid's Grand Team","Questionable","Q - Groin","BN","RB,W/R/T","https://s.yimg.com/iu/api/res/1.2/7kAjVIu.MpEmEH.Y4gJ42w--~C/YXBwaWQ9eXNwb3J0cztjaD0yMzM2O2NyPTE7Y3c9MTc5MDtkeD04NTc7ZHk9MDtmaT11bGNyb3A7aD02MDtxPTEwMDt3PTQ2/https://s.yimg.com/xe/i/us/sp/v/nfl_cutout/players_l/10302023/30199.png"
"423.p.30426","Koo","Younghoe","423.l.1132339.t.8","Kid's Grand Team","Available","","K","K","https://s.yimg.com/iu/api/res/1.2/ycZFpRxu.Dgt_A7NrOIc.Q--~C/YXBwaWQ9eXNwb3J0cztjaD0yMzM2O2NyPTE7Y3c9MTc5MDtkeD04NTc7ZHk9MDtmaT11bGNyb3A7aD02MDtxPTEwMDt3PTQ2/https://s.yimg.com/xe/i/us/sp/v/nfl_cutout/players_l/08212023/30426.png"
"423.p.100008","","Detroit","423.l.1132339.t.8","Kid's Grand Team","Available","","DEF","DEF","https://s.yimg.com/lq/i/us/sp/v/nfl/teams/1/50x50w/det2.gif"
"423.p.32725","Dobbins","J.K.","423.l.1132339.t.8","Kid's Grand Team","Injured","IR - Achilles","IR","RB,W/R/T,IR","https://s.yimg.com/iu/api/res/1.2/TM_L8PnmPlQ5lh_cDwmqNw--~C/YXBwaWQ9eXNwb3J0cztjaD0yMzM2O2NyPTE7Y3c9MTc5MDtkeD04NTc7ZHk9MDtmaT11bGNyb3A7aD02MDtxPTEwMDt3PTQ2/https://s.yimg.com/xe/i/us/sp/v/nfl_cutout/players_l/08222022/32725.png"
"423.p.33399","Fields","Justin","423.l.1132339.t.9","Julius's Nifty Team","Available","","QB","QB","https://s.yimg.com/iu/api/res/1.2/VjjlGAXsrAgVfMd3D0v3gw--~C/YXBwaWQ9eXNwb3J0cztjaD0yMzM2O2NyPTE7Y3c9MTc5MDtkeD04NTc7ZHk9MDtmaT11bGNyb3A7aD02MDtxPTEwMDt3PTQ2/https://s.yimg.com/xe/i/us/sp/v/nfl_cutout/players_l/08232023/33399.png"
"423.p.33965","Wilson","Garrett","423.l.1132339.t.9","Julius's Nifty Team","Available","","WR","WR,W/R/T","https://s.yimg.com/iu/api/res/1.2/14i6BhzPI6YCNQhAt7v6OQ--~C/YXBwaWQ9eXNwb3J0cztjaD0yMzM2O2NyPTE7Y3c9MTc5MDtkeD04NTc7ZHk9MDtmaT11bGNyb3A7aD02MDtxPTEwMDt3PTQ2/https://s.yimg.com/xe/i/us/sp/v/nfl_cutout/players_l/09052023/33965.png"
"423.p.33966","Olave","Chris","423.l.1132339.t.9","Julius's Nifty Team","Questionable","Q - Illness","WR","WR,W/R/T","https://s.yimg.com/iu/api/res/1.2/cfTIpM7jJj2XbxMrg546fw--~C/YXBwaWQ9eXNwb3J0cztjaD0yMzM2O2NyPTE7Y3c9MTc5MDtkeD04NTc7ZHk9MDtmaT11bGNyb3A7aD02MDtxPTEwMDt3PTQ2/https://s.yimg.com/xe/i/us/sp/v/nfl_cutout/players_l/08232023/33966.png"
"423.p.40055","Robinson","Bijan","423.l.1132339.t.9","Julius's Nifty Team","Available","","RB","RB,W/R/T","https://s.yimg.com/iu/api/res/1.2/nnUXVVv5Vu33bY6nbut7qw--~C/YXBwaWQ9eXNwb3J0cztjaD0yMzM2O2NyPTE7Y3c9MTc5MDtkeD04NTc7ZHk9MDtmaT11bGNyb3A7aD02MDtxPTEwMDt3PTQ2/https://s.yimg.com/xe/i/us/sp/v/nfl_cutout/players_l/07272023/40055.png"
"423.p.33508","Stevenson","Rhamondre","423.l.1132339.t.9","Julius's Nifty Team","Out","O - Ankle","RB","RB,W/R/T,IR","https://s.yimg.com/iu/api/res/1.2/jfv9oPuJEqvcdaBTtVswlQ--~C/YXBwaWQ9eXNwb3J0cztjaD0yMzM2O2NyPTE7Y3c9MTc5MDtkeD04NTc7ZHk9MDtmaT11bGNyb3A7aD02MDtxPTEwMDt3PTQ2/https://s.yimg.com/xe/i/us/sp/v/nfl_cutout/players_l/08232023/33508.png"
"423.p.33989","Watson","Christian","423.l.1132339.t.9","Julius's Nifty Team","Questionable","Q - Hamstring","W/R/T","WR,W/R/T","https://s.yimg.com/iu/api/res/1.2/_TafcLU9PdoLYwc4IPvfAA--~C/YXBwaWQ9eXNwb3J0cztjaD0yMzM2O2NyPTE7Y3c9MTc5MDtkeD04NTc7ZHk9MDtmaT11bGNyb3A7aD02MDtxPTEwMDt3PTQ2/https://s.yimg.com/xe/i/us/sp/v/nfl_cutout/players_l/08302023/33989.png"
"423.p.40040","Richardson","Anthony","423.l.1132339.t.9","Julius's Nifty Team","Injured","IR - Shoulder - AC Joint","BN","QB,IR","https://s.yimg.com/iu/api/res/1.2/E1DXdtVl_VT4wBli2Ipa7w--~C/YXBwaWQ9eXNwb3J0cztjaD0yMzM2O2NyPTE7Y3c9MTc5MDtkeD04NTc7ZHk9MDtmaT11bGNyb3A7aD02MDtxPTEwMDt3PTQ2/https://s.yimg.com/xe/i/us/sp/v/nfl_cutout/players_l/08172023/40040.png"
"423.p.32722","Akers","Cam","423.l.1132339.t.9","Julius's Nifty Team","Injured","IR - Achilles","BN","RB,W/R/T,IR","https://s.yimg.com/iu/api/res/1.2/NGXIe_dv0P9EtsCFkJkKdA--~C/YXBwaWQ9eXNwb3J0cztjaD0yMzM2O2NyPTE7Y3c9MTc5MDtkeD04NTc7ZHk9MDtmaT11bGNyb3A7aD02MDtxPTEwMDt3PTQ2/https://s.yimg.com/xe/i/us/sp/v/nfl_cutout/players_l/10302023/32722.png"
"423.p.34007","Pickens","George","423.l.1132339.t.9","Julius's Nifty Team","Available","","BN","WR,W/R/T","https://s.yimg.com/iu/api/res/1.2/taFjxSqRts31CE28i5kqYg--~C/YXBwaWQ9eXNwb3J0cztjaD0yMzM2O2NyPTE7Y3c9MTc5MDtkeD04NTc7ZHk9MDtmaT11bGNyb3A7aD02MDtxPTEwMDt3PTQ2/https://s.yimg.com/xe/i/us/sp/v/nfl_cutout/players_l/08212023/34007.png"
"423.p.33605","Herbert","Khalil","423.l.1132339.t.9","Julius's Nifty Team","Available","","BN","RB,W/R/T","https://s.yimg.com/iu/api/res/1.2/KVoQM6bAaiT_5hOHRe8hKQ--~C/YXBwaWQ9eXNwb3J0cztjaD0yMzM2O2NyPTE7Y3c9MTc5MDtkeD04NTc7ZHk9MDtmaT11bGNyb3A7aD02MDtxPTEwMDt3PTQ2/https://s.yimg.com/xe/i/us/sp/v/nfl_cutout/players_l/08232023/33605.png"
"423.p.40041","Smith-Njigba","Jaxon","423.l.1132339.t.9","Julius's Nifty Team","Available","","BN","WR,W/R/T","https://s.yimg.com/iu/api/res/1.2/REPp0qS4gG1DOdBXtjgKKQ--~C/YXBwaWQ9eXNwb3J0cztjaD0yMzM2O2NyPTE7Y3c9MTc5MDtkeD04NTc7ZHk9MDtmaT11bGNyb3A7aD02MDtxPTEwMDt3PTQ2/https://s.yimg.com/xe/i/us/sp/v/nfl_cutout/players_l/07252023/40041.png"
"423.p.33582","Mitchell","Elijah","423.l.1132339.t.9","Julius's Nifty Team","Questionable","Q - Knee","BN","RB,W/R/T","https://s.yimg.com/iu/api/res/1.2/AoqEWTyEsT2hWl1LN2MDig--~C/YXBwaWQ9eXNwb3J0cztjaD0yMzM2O2NyPTE7Y3c9MTc5MDtkeD04NTc7ZHk9MDtmaT11bGNyb3A7aD02MDtxPTEwMDt3PTQ2/https://s.yimg.com/xe/i/us/sp/v/nfl_cutout/players_l/09062022/33582.png"
"423.p.28592","Waller","Darren","423.l.1132339.t.9","Julius's Nifty Team","Injured","IR - Hamstring","BN","TE,W/R/T,IR","https://s.yimg.com/iu/api/res/1.2/huxiwRVZLOt1t2B.XWU0zg--~C/YXBwaWQ9eXNwb3J0cztjaD0yMzM2O2NyPTE7Y3c9MTc5MDtkeD04NTc7ZHk9MDtmaT11bGNyb3A7aD02MDtxPTEwMDt3PTQ2/https://s.yimg.com/xe/i/us/sp/v/nfl_cutout/players_l/08072023/28592.png"
"423.p.31199","Sanders","Jason","423.l.1132339.t.9","Julius's Nifty Team","Available","","K","K","https://s.yimg.com/iu/api/res/1.2/dSCYzsCBKx8RFBQfKzE1Xg--~C/YXBwaWQ9eXNwb3J0cztjaD0yMzM2O2NyPTE7Y3c9MTc5MDtkeD04NTc7ZHk9MDtmaT11bGNyb3A7aD02MDtxPTEwMDt3PTQ2/https://s.yimg.com/xe/i/us/sp/v/nfl_cutout/players_l/08252023/31199.png"
"423.p.100012","","Kansas City","423.l.1132339.t.9","Julius's Nifty Team","Available","","DEF","DEF","https://s.yimg.com/lq/i/us/sp/v/nfl/teams/1/50x50w/kan.gif"
"423.p.32696","Love","Jordan","423.l.1132339.t.10","PALE RIDERS 1","Available","","QB","QB","https://s.yimg.com/iu/api/res/1.2/hdyXJoH0IAQuI7gsbtjD4Q--~C/YXBwaWQ9eXNwb3J0cztjaD0yMzM2O2NyPTE7Y3c9MTc5MDtkeD04NTc7ZHk9MDtmaT11bGNyb3A7aD02MDtxPTEwMDt3PTQ2/https://s.yimg.com/xe/i/us/sp/v/nfl_cutout/players_l/08302023/32696.png"
"423.p.40168","Nacua","Puka","423.l.1132339.t.10","PALE RIDERS 1","Questionable","Q - Shoulder - AC Joint","WR","WR,W/R/T","https://s.yimg.com/iu/api/res/1.2/OhhzcGfxkOl1_P4l3LjQBw--~C/YXBwaWQ9eXNwb3J0cztjaD0yMzM2O2NyPTE7Y3c9MTc5MDtkeD04NTc7ZHk9MDtmaT11bGNyb3A7aD02MDtxPTEwMDt3PTQ2/https://s.yimg.com/xe/i/us/sp/v/nfl_cutout/players_l/07262023/40168.png"
"423.p.27581","Adams","Davante","423.l.1132339.t.10","PALE RIDERS 1","Available","","WR","WR,W/R/T","https://s.yimg.com/iu/api/res/1.2/UTwCcrglF9.BGBwncQo1Qg--~C/YXBwaWQ9eXNwb3J0cztjaD0yMzM2O2NyPTE7Y3c9MTc5MDtkeD04NTc7ZHk9MDtmaT11bGNyb3A7aD02MDtxPTEwMDt3PTQ2/https://s.yimg.com/xe/i/us/sp/v/nfl_cutout/players_l/08142023/27581.1.png"
"423.p.28654","Mostert","Raheem","423.l.1132339.t.10","PALE RIDERS 1","Questionable","Q - Knee","RB","RB,W/R/T","https://s.yimg.com/iu/api/res/1.2/ntFFO7ndryUmRkgurtWhhA--~C/YXBwaWQ9eXNwb3J0cztjaD0yMzM2O2NyPTE7Y3c9MTc5MDtkeD04NTc7ZHk9MDtmaT11bGNyb3A7aD02MDtxPTEwMDt3PTQ2/https://s.yimg.com/xe/i/us/sp/v/nfl_cutout/players_l/08252023/28654.png"
"423.p.30180","Kamara","Alvin","423.l.1132339.t.10","PALE RIDERS 1","Available","","RB","RB,W/R/T","https://s.yimg.com/iu/api/res/1.2/IqjWH86bHyYYW1UfdVHLnQ--~C/YXBwaWQ9eXNwb3J0cztjaD0yMzM2O2NyPTE7Y3c9MTc5MDtkeD04NTc7ZHk9MDtmaT11bGNyb3A7aD02MDtxPTEwMDt3PTQ2/https://s.yimg.com/xe/i/us/sp/v/nfl_cutout/players_l/08232023/30180.png"
"423.p.26686","Kelce","Travis","423.l.1132339.t.10","PALE RIDERS 1","Available","","TE","TE,W/R/T","https://s.yimg.com/iu/api/res/1.2/rmHNn4lM75kmE8X4unz4DA--~C/YXBwaWQ9eXNwb3J0cztjaD0yMzM2O2NyPTE7Y3c9MTc5MDtkeD04NTc7ZHk9MDtmaT11bGNyb3A7aD02MDtxPTEwMDt3PTQ2/https://s.yimg.com/xe/i/us/sp/v/nfl_cutout/players_l/08302023/26686.png"
"423.p.34019","Cook","James","423.l.1132339.t.10","PALE RIDERS 1","Available","","W/R/T","RB,W/R/T","https://s.yimg.com/iu/api/res/1.2/Kwq2eYBk7s_hzE.QTsZXaA--~C/YXBwaWQ9eXNwb3J0cztjaD0yMzM2O2NyPTE7Y3c9MTc5MDtkeD04NTc7ZHk9MDtmaT11bGNyb3A7aD02MDtxPTEwMDt3PTQ2/https://s.yimg.com/xe/i/us/sp/v/nfl_cutout/players_l/08102022/34019.png"
"423.p.33991","Hall","Breece","423.l.1132339.t.10","PALE RIDERS 1","Questionable","Q - Ankle","BN","RB,W/R/T","https://s.yimg.com/iu/api/res/1.2/BLocH0EcqL6X294cEPo3Mg--~C/YXBwaWQ9eXNwb3J0cztjaD0yMzM2O2NyPTE7Y3c9MTc5MDtkeD04NTc7ZHk9MDtmaT11bGNyb3A7aD02MDtxPTEwMDt3PTQ2/https://s.yimg.com/xe/i/us/sp/v/nfl_cutout/players_l/09052023/33991.png"
"423.p.40063","Reed","Jayden","423.l.1132339.t.10","PALE RIDERS 1","Questionable","Q - Chest","BN","WR,W/R/T","https://s.yimg.com/iu/api/res/1.2/TsWwmSzF6PfR15Jd8oZQ4A--~C/YXBwaWQ9eXNwb3J0cztjaD0yMzM2O2NyPTE7Y3c9MTc5MDtkeD04NTc7ZHk9MDtmaT11bGNyb3A7aD02MDtxPTEwMDt3PTQ2/https://s.yimg.com/xe/i/us/sp/v/nfl_cutout/players_l/08152023/40063.png"
"423.p.40048","Kincaid","Dalton","423.l.1132339.t.10","PALE RIDERS 1","Available","","BN","TE,W/R/T","https://s.yimg.com/iu/api/res/1.2/8xuzLxl0kKIRSu_7SOnW1Q--~C/YXBwaWQ9eXNwb3J0cztjaD0yMzM2O2NyPTE7Y3c9MTc5MDtkeD04NTc7ZHk9MDtmaT11bGNyb3A7aD02MDtxPTEwMDt3PTQ2/https://s.yimg.com/xe/i/us/sp/v/nfl_cutout/players_l/08012023/40048.png"
"423.p.32676","Herbert","Justin","423.l.1132339.t.10","PALE RIDERS 1","Available","","BN","QB","https://s.yimg.com/iu/api/res/1.2/FfhcvyjIAiiXjiBgvCKWNg--~C/YXBwaWQ9eXNwb3J0cztjaD0yMzM2O2NyPTE7Y3c9MTc5MDtkeD04NTc7ZHk9MDtmaT11bGNyb3A7aD02MDtxPTEwMDt3PTQ2/https://s.yimg.com/xe/i/us/sp/v/nfl_cutout/players_l/08282023/32676.png"
"423.p.31833","Murray","Kyler","423.l.1132339.t.10","PALE RIDERS 1","Available","","BN","QB","https://s.yimg.com/iu/api/res/1.2/R_IC6xsqlk4N2T1U4k2Y4A--~C/YXBwaWQ9eXNwb3J0cztjaD0yMzM2O2NyPTE7Y3c9MTc5MDtkeD04NTc7ZHk9MDtmaT11bGNyb3A7aD02MDtxPTEwMDt3PTQ2/https://s.yimg.com/xe/i/us/sp/v/nfl_cutout/players_l/08212023/31833.png"
"423.p.40641","Mitchell","Keaton","423.l.1132339.t.10","PALE RIDERS 1","Available","","BN","RB,W/R/T","https://s.yimg.com/iu/api/res/1.2/Eopc6piGkNtKMoj9QCPQ2w--~C/YXBwaWQ9eXNwb3J0cztjaD0yMzM2O2NyPTE7Y3c9MTc5MDtkeD04NTc7ZHk9MDtmaT11bGNyb3A7aD02MDtxPTEwMDt3PTQ2/https://s.yimg.com/xe/i/us/sp/v/nfl_cutout/players_l/07282023/40641.png"
"423.p.26534","Tucker","Justin","423.l.1132339.t.10","PALE RIDERS 1","Available","","K","K","https://s.yimg.com/iu/api/res/1.2/LVl4lQgjSkiBJczF3BVJXA--~C/YXBwaWQ9eXNwb3J0cztjaD0yMzM2O2NyPTE7Y3c9MTc5MDtkeD04NTc7ZHk9MDtmaT11bGNyb3A7aD02MDtxPTEwMDt3PTQ2/https://s.yimg.com/xe/i/us/sp/v/nfl_cutout/players_l/08222023/26534.png"
"423.p.100007","","Denver","423.l.1132339.t.10","PALE RIDERS 1","Available","","DEF","DEF","https://s.yimg.com/lq/i/us/sp/v/nfl/teams/1/50x50w/den.gif"
